[{"model": "realestate.listingtype", "pk": 1, "fields": {"p": 4, "name": "House and Lot"}}, {"model": "realestate.listingtype", "pk": 2, "fields": {"p": 4, "name": "Commercial"}}, {"model": "realestate.listingtype", "pk": 3, "fields": {"p": 4, "name": "Apartment"}}, {"model": "realestate.listingtype", "pk": 4, "fields": {"p": 4, "name": "Condominium"}}, {"model": "realestate.listingtype", "pk": 5, "fields": {"p": 4, "name": "Vacant Land"}}, {"model": "realestate.similarlistings", "pk": 1, "fields": {"fkey": 11, "prop": 9}}, {"model": "realestate.similarlistings", "pk": 2, "fields": {"fkey": 12, "prop": 9}}, {"model": "realestate.similarlistings", "pk": 3, "fields": {"fkey": 12, "prop": 11}}, {"model": "realestate.similarlistings", "pk": 4, "fields": {"fkey": 13, "prop": 11}}, {"model": "realestate.similarlistings", "pk": 5, "fields": {"fkey": 13, "prop": 9}}, {"model": "realestate.similarlistings", "pk": 6, "fields": {"fkey": 13, "prop": 12}}, {"model": "realestate.similarlistings", "pk": 7, "fields": {"fkey": 14, "prop": 9}}, {"model": "realestate.similarlistings", "pk": 8, "fields": {"fkey": 14, "prop": 11}}, {"model": "realestate.similarlistings", "pk": 9, "fields": {"fkey": 14, "prop": 12}}, {"model": "realestate.similarlistings", "pk": 10, "fields": {"fkey": 14, "prop": 13}}, {"model": "realestate.listingfeature", "pk": 1, "fields": {"prop": 9, "value": "Blum BLUMOTION soft-close technology"}}, {"model": "realestate.listingfeature", "pk": 2, "fields": {"prop": 9, "value": "Outdoor entertainment area"}}, {"model": "realestate.listingfeature", "pk": 3, "fields": {"prop": 9, "value": "Stainless steel appliances"}}, {"model": "realestate.listingfeature", "pk": 4, "fields": {"prop": 9, "value": "Spacious floorplans"}}, {"model": "realestate.listingfeature", "pk": 5, "fields": {"prop": 11, "value": "Intercom"}}, {"model": "realestate.listingfeature", "pk": 6, "fields": {"prop": 11, "value": "Floorboards"}}, {"model": "realestate.listingfeature", "pk": 7, "fields": {"prop": 11, "value": "Broadband Internet Available"}}, {"model": "realestate.listingfeature", "pk": 8, "fields": {"prop": 11, "value": "Built-in Wardrobes"}}, {"model": "realestate.listingfeature", "pk": 9, "fields": {"prop": 11, "value": "Dishwasher"}}, {"model": "realestate.listingfeature", "pk": 10, "fields": {"prop": 11, "value": "Split-system Air Conditioning"}}, {"model": "realestate.listingfeature", "pk": 11, "fields": {"prop": 11, "value": "Ducted Heating"}}, {"model": "realestate.listingfeature", "pk": 12, "fields": {"prop": 12, "value": "3 minutes to Eastlink"}}, {"model": "realestate.listingfeature", "pk": 13, "fields": {"prop": 12, "value": "2 km to Eastland shopping hub, cafes and entertain"}}, {"model": "realestate.listingfeature", "pk": 14, "fields": {"prop": 12, "value": "4 mins to new train station and bus transport hub"}}, {"model": "realestate.listingfeature", "pk": 15, "fields": {"prop": 12, "value": "Surrounded by early learning centres, private scho"}}, {"model": "realestate.listingfeature", "pk": 16, "fields": {"prop": 12, "value": "Close to new aquatic centre, parks and numerous re"}}, {"model": "realestate.listingfeature", "pk": 17, "fields": {"prop": 12, "value": "Full turnkey package, no extra to pay"}}, {"model": "realestate.listingfeature", "pk": 18, "fields": {"prop": 13, "value": "Telephone Line"}}, {"model": "realestate.listingfeature", "pk": 19, "fields": {"prop": 13, "value": "Hot and Cold Shower"}}, {"model": "realestate.listingfeature", "pk": 20, "fields": {"prop": 13, "value": "Stainless utensils"}}, {"model": "realestate.listingfeature", "pk": 21, "fields": {"prop": 13, "value": "Neighbor's noisy dogs"}}, {"model": "realestate.listingfeature", "pk": 22, "fields": {"prop": 14, "value": "Pool"}}, {"model": "realestate.listingfeature", "pk": 23, "fields": {"prop": 14, "value": "Telephone Line"}}, {"model": "realestate.listingfeature", "pk": 24, "fields": {"prop": 14, "value": "Broadband Access"}}, {"model": "realestate.listingfeature", "pk": 25, "fields": {"prop": 14, "value": "Hot n' cold shower"}}, {"model": "realestate.listingimage", "pk": 1, "fields": {"pr2": 9, "image": "uploads/2018/05/13/1.jpg", "description": ""}}, {"model": "realestate.listingimage", "pk": 2, "fields": {"pr2": 9, "image": "uploads/2018/05/13/2.jpg", "description": ""}}, {"model": "realestate.listingimage", "pk": 3, "fields": {"pr2": 9, "image": "uploads/2018/05/13/image3.jpg", "description": ""}}, {"model": "realestate.listingimage", "pk": 4, "fields": {"pr2": 9, "image": "uploads/2018/05/13/image4.jpg", "description": ""}}, {"model": "realestate.listingimage", "pk": 5, "fields": {"pr2": 9, "image": "uploads/2018/05/13/image5.jpg", "description": ""}}, {"model": "realestate.listingimage", "pk": 6, "fields": {"pr2": 9, "image": "uploads/2018/05/13/image6.jpg", "description": ""}}, {"model": "realestate.listingimage", "pk": 7, "fields": {"pr2": 9, "image": "uploads/2018/05/13/image7.jpg", "description": ""}}, {"model": "realestate.listingimage", "pk": 8, "fields": {"pr2": 11, "image": "uploads/2018/05/13/1_tb2eWBq.jpg", "description": "Two assure edward whence the was. Who worthy yet ten boy denote wonder."}}, {"model": "realestate.listingimage", "pk": 9, "fields": {"pr2": 11, "image": "uploads/2018/05/13/2_QdKzU22.jpg", "description": "Weeks views her sight old tears sorry. Additions can suspected its concealed put furnished."}}, {"model": "realestate.listingimage", "pk": 10, "fields": {"pr2": 11, "image": "uploads/2018/05/13/3.jpg", "description": "Met the why particular devonshire decisively considered partiality. Certain it waiting no entered is."}}, {"model": "realestate.listingimage", "pk": 11, "fields": {"pr2": 11, "image": "uploads/2018/05/13/4.jpg", "description": "Passed her indeed uneasy shy polite appear denied. Oh less girl no walk. At he spot with five of view."}}, {"model": "realestate.listingimage", "pk": 12, "fields": {"pr2": 11, "image": "uploads/2018/05/13/5.jpg", "description": ""}}, {"model": "realestate.listingimage", "pk": 13, "fields": {"pr2": 11, "image": "uploads/2018/05/13/5.png", "description": ""}}, {"model": "realestate.listingimage", "pk": 14, "fields": {"pr2": 12, "image": "uploads/2018/05/13/1_EPLEJmf.jpg", "description": ""}}, {"model": "realestate.listingimage", "pk": 15, "fields": {"pr2": 12, "image": "uploads/2018/05/13/2_qMIt9U5.jpg", "description": ""}}, {"model": "realestate.listingimage", "pk": 16, "fields": {"pr2": 12, "image": "uploads/2018/05/13/3_zBBzQqX.jpg", "description": ""}}, {"model": "realestate.listingimage", "pk": 17, "fields": {"pr2": 12, "image": "uploads/2018/05/13/4_9qDhsy2.jpg", "description": ""}}, {"model": "realestate.listingimage", "pk": 18, "fields": {"pr2": 12, "image": "uploads/2018/05/13/5_soeTfyL.jpg", "description": ""}}, {"model": "realestate.listingimage", "pk": 19, "fields": {"pr2": 12, "image": "uploads/2018/05/13/6.jpg", "description": ""}}, {"model": "realestate.listingimage", "pk": 20, "fields": {"pr2": 12, "image": "uploads/2018/05/13/7.jpg", "description": ""}}, {"model": "realestate.listingimage", "pk": 21, "fields": {"pr2": 13, "image": "uploads/2018/05/13/1_OUydj3f.jpg", "description": ""}}, {"model": "realestate.listingimage", "pk": 22, "fields": {"pr2": 13, "image": "uploads/2018/05/13/2_t5QJ1Zm.jpg", "description": ""}}, {"model": "realestate.listingimage", "pk": 23, "fields": {"pr2": 13, "image": "uploads/2018/05/13/2_rvjt3Cq.jpg", "description": ""}}, {"model": "realestate.listingimage", "pk": 24, "fields": {"pr2": 13, "image": "uploads/2018/05/13/3_zDUBmvE.jpg", "description": ""}}, {"model": "realestate.listingimage", "pk": 25, "fields": {"pr2": 13, "image": "uploads/2018/05/13/4_gLR3n08.jpg", "description": ""}}, {"model": "realestate.listingimage", "pk": 26, "fields": {"pr2": 13, "image": "uploads/2018/05/13/5_CxLuAbA.jpg", "description": ""}}, {"model": "realestate.listingimage", "pk": 27, "fields": {"pr2": 13, "image": "uploads/2018/05/13/6_XtyQ75Y.jpg", "description": ""}}, {"model": "realestate.listingimage", "pk": 28, "fields": {"pr2": 13, "image": "uploads/2018/05/13/7_mDiJrAY.jpg", "description": ""}}, {"model": "realestate.listingimage", "pk": 29, "fields": {"pr2": 14, "image": "uploads/2018/05/13/1_7KPc4ho.jpg", "description": ""}}, {"model": "realestate.listingimage", "pk": 30, "fields": {"pr2": 14, "image": "uploads/2018/05/13/2_hBkicb1.jpg", "description": ""}}, {"model": "realestate.listingimage", "pk": 31, "fields": {"pr2": 14, "image": "uploads/2018/05/13/3_1z5Jb9g.jpg", "description": ""}}, {"model": "realestate.listingimage", "pk": 32, "fields": {"pr2": 14, "image": "uploads/2018/05/13/4_jEA8RST.jpg", "description": ""}}, {"model": "realestate.listingimage", "pk": 33, "fields": {"pr2": 14, "image": "uploads/2018/05/13/5_XnTaqz6.jpg", "description": ""}}, {"model": "realestate.catalogitem", "pk": 1, "fields": {"pr2": 6, "prop": 9}}, {"model": "realestate.catalogitem", "pk": 2, "fields": {"pr2": 10, "prop": 9}}, {"model": "realestate.catalogitem", "pk": 3, "fields": {"pr2": 6, "prop": 11}}, {"model": "realestate.catalogitem", "pk": 4, "fields": {"pr2": 6, "prop": 12}}, {"model": "realestate.catalogitem", "pk": 5, "fields": {"pr2": 6, "prop": 13}}, {"model": "realestate.catalogitem", "pk": 6, "fields": {"pr2": 6, "prop": 14}}, {"model": "realestate.featureditem", "pk": 1, "fields": {"fkey": 6, "prop": 3}}, {"model": "realestate.featureditem", "pk": 2, "fields": {"fkey": 6, "prop": 5}}, {"model": "wagtailcore.site", "pk": 2, "fields": {"hostname": "localhost", "port": 80, "site_name": null, "root_page": 3, "is_default_site": true}}, {"model": "wagtailcore.collection", "pk": 1, "fields": {"path": "0001", "depth": 1, "numchild": 0, "name": "Root"}}, {"model": "contenttypes.contenttype", "pk": 1, "fields": {"app_label": "wagtailcore", "model": "page"}}, {"model": "contenttypes.contenttype", "pk": 2, "fields": {"app_label": "home", "model": "homepage"}}, {"model": "contenttypes.contenttype", "pk": 3, "fields": {"app_label": "wagtailadmin", "model": "admin"}}, {"model": "contenttypes.contenttype", "pk": 4, "fields": {"app_label": "wagtaildocs", "model": "document"}}, {"model": "contenttypes.contenttype", "pk": 5, "fields": {"app_label": "wagtailimages", "model": "image"}}, {"model": "contenttypes.contenttype", "pk": 6, "fields": {"app_label": "realestate", "model": "listingimage"}}, {"model": "contenttypes.contenttype", "pk": 7, "fields": {"app_label": "realestate", "model": "listingtype"}}, {"model": "contenttypes.contenttype", "pk": 8, "fields": {"app_label": "realestate", "model": "similarlistings"}}, {"model": "contenttypes.contenttype", "pk": 9, "fields": {"app_label": "realestate", "model": "catalogitem"}}, {"model": "contenttypes.contenttype", "pk": 10, "fields": {"app_label": "realestate", "model": "featureditem"}}, {"model": "contenttypes.contenttype", "pk": 11, "fields": {"app_label": "realestate", "model": "listingindex"}}, {"model": "contenttypes.contenttype", "pk": 12, "fields": {"app_label": "realestate", "model": "listingfeature"}}, {"model": "contenttypes.contenttype", "pk": 13, "fields": {"app_label": "realestate", "model": "catalogindex"}}, {"model": "contenttypes.contenttype", "pk": 14, "fields": {"app_label": "realestate", "model": "listingtypeindex"}}, {"model": "contenttypes.contenttype", "pk": 15, "fields": {"app_label": "realestate", "model": "listing"}}, {"model": "contenttypes.contenttype", "pk": 16, "fields": {"app_label": "realestate", "model": "catalog"}}, {"model": "contenttypes.contenttype", "pk": 17, "fields": {"app_label": "wagtailforms", "model": "formsubmission"}}, {"model": "contenttypes.contenttype", "pk": 18, "fields": {"app_label": "wagtailredirects", "model": "redirect"}}, {"model": "contenttypes.contenttype", "pk": 19, "fields": {"app_label": "wagtailembeds", "model": "embed"}}, {"model": "contenttypes.contenttype", "pk": 20, "fields": {"app_label": "wagtailusers", "model": "userprofile"}}, {"model": "contenttypes.contenttype", "pk": 21, "fields": {"app_label": "wagtailimages", "model": "rendition"}}, {"model": "contenttypes.contenttype", "pk": 22, "fields": {"app_label": "wagtailsearch", "model": "query"}}, {"model": "contenttypes.contenttype", "pk": 23, "fields": {"app_label": "wagtailsearch", "model": "querydailyhits"}}, {"model": "contenttypes.contenttype", "pk": 24, "fields": {"app_label": "wagtailcore", "model": "grouppagepermission"}}, {"model": "contenttypes.contenttype", "pk": 25, "fields": {"app_label": "wagtailcore", "model": "groupcollectionpermission"}}, {"model": "contenttypes.contenttype", "pk": 26, "fields": {"app_label": "wagtailcore", "model": "pageviewrestriction"}}, {"model": "contenttypes.contenttype", "pk": 27, "fields": {"app_label": "wagtailcore", "model": "collectionviewrestriction"}}, {"model": "contenttypes.contenttype", "pk": 28, "fields": {"app_label": "wagtailcore", "model": "site"}}, {"model": "contenttypes.contenttype", "pk": 29, "fields": {"app_label": "wagtailcore", "model": "collection"}}, {"model": "contenttypes.contenttype", "pk": 30, "fields": {"app_label": "wagtailcore", "model": "pagerevision"}}, {"model": "contenttypes.contenttype", "pk": 31, "fields": {"app_label": "taggit", "model": "taggeditem"}}, {"model": "contenttypes.contenttype", "pk": 32, "fields": {"app_label": "taggit", "model": "tag"}}, {"model": "contenttypes.contenttype", "pk": 33, "fields": {"app_label": "admin", "model": "logentry"}}, {"model": "contenttypes.contenttype", "pk": 34, "fields": {"app_label": "auth", "model": "group"}}, {"model": "contenttypes.contenttype", "pk": 35, "fields": {"app_label": "auth", "model": "permission"}}, {"model": "contenttypes.contenttype", "pk": 36, "fields": {"app_label": "auth", "model": "user"}}, {"model": "contenttypes.contenttype", "pk": 37, "fields": {"app_label": "contenttypes", "model": "contenttype"}}, {"model": "contenttypes.contenttype", "pk": 38, "fields": {"app_label": "sessions", "model": "session"}}, {"model": "sessions.session", "pk": "22va168yufm0jg18t3vupbdk6l3c4siz", "fields": {"session_data": "OTZiYjYzOGQ4NWUyNDM5ZTkyNDg4ZjdiNjBjYmM2MWRiZWQ3ZjY3OTp7Il9hdXRoX3VzZXJfaGFzaCI6ImMwZDFlOWM4NWU4YjE4MzJiNmQ1MzM4MzJmM2ZjOThjMWViNmZjOTIiLCJfYXV0aF91c2VyX2JhY2tlbmQiOiJkamFuZ28uY29udHJpYi5hdXRoLmJhY2tlbmRzLk1vZGVsQmFja2VuZCIsIl9hdXRoX3VzZXJfaWQiOiIyIn0=", "expire_date": "2018-05-27T11:21:49.345Z"}}, {"model": "sessions.session", "pk": "ificws3lgxgzzbne211hc8e4mjhi7809", "fields": {"session_data": "OTE3ODMwYTgwYTE4ZTU2NDY3ZjVjODZkZDcwNTUxMGU1ODhmNGMwZDp7Il9hdXRoX3VzZXJfaGFzaCI6IjJmNGU2OTQ1NDFhOGUzMTJhMzY3OTg1MDJhYWMxOWI4ZjZkM2FlOTciLCJfYXV0aF91c2VyX2JhY2tlbmQiOiJkamFuZ28uY29udHJpYi5hdXRoLmJhY2tlbmRzLk1vZGVsQmFja2VuZCIsIl9hdXRoX3VzZXJfaWQiOiIxIn0=", "expire_date": "2018-05-27T09:26:23.170Z"}}, {"model": "auth.permission", "pk": 1, "fields": {"name": "Can access Wagtail admin", "content_type": 3, "codename": "access_admin"}}, {"model": "auth.permission", "pk": 2, "fields": {"name": "Can add document", "content_type": 4, "codename": "add_document"}}, {"model": "auth.permission", "pk": 3, "fields": {"name": "Can change document", "content_type": 4, "codename": "change_document"}}, {"model": "auth.permission", "pk": 4, "fields": {"name": "Can delete document", "content_type": 4, "codename": "delete_document"}}, {"model": "auth.permission", "pk": 5, "fields": {"name": "Can add image", "content_type": 5, "codename": "add_image"}}, {"model": "auth.permission", "pk": 6, "fields": {"name": "Can change image", "content_type": 5, "codename": "change_image"}}, {"model": "auth.permission", "pk": 7, "fields": {"name": "Can delete image", "content_type": 5, "codename": "delete_image"}}, {"model": "auth.permission", "pk": 8, "fields": {"name": "Can add home page", "content_type": 2, "codename": "add_homepage"}}, {"model": "auth.permission", "pk": 9, "fields": {"name": "Can change home page", "content_type": 2, "codename": "change_homepage"}}, {"model": "auth.permission", "pk": 10, "fields": {"name": "Can delete home page", "content_type": 2, "codename": "delete_homepage"}}, {"model": "auth.permission", "pk": 11, "fields": {"name": "Can add listing image", "content_type": 6, "codename": "add_listingimage"}}, {"model": "auth.permission", "pk": 12, "fields": {"name": "Can change listing image", "content_type": 6, "codename": "change_listingimage"}}, {"model": "auth.permission", "pk": 13, "fields": {"name": "Can delete listing image", "content_type": 6, "codename": "delete_listingimage"}}, {"model": "auth.permission", "pk": 14, "fields": {"name": "Can add listing type", "content_type": 7, "codename": "add_listingtype"}}, {"model": "auth.permission", "pk": 15, "fields": {"name": "Can change listing type", "content_type": 7, "codename": "change_listingtype"}}, {"model": "auth.permission", "pk": 16, "fields": {"name": "Can delete listing type", "content_type": 7, "codename": "delete_listingtype"}}, {"model": "auth.permission", "pk": 17, "fields": {"name": "Can add similar listings", "content_type": 8, "codename": "add_similarlistings"}}, {"model": "auth.permission", "pk": 18, "fields": {"name": "Can change similar listings", "content_type": 8, "codename": "change_similarlistings"}}, {"model": "auth.permission", "pk": 19, "fields": {"name": "Can delete similar listings", "content_type": 8, "codename": "delete_similarlistings"}}, {"model": "auth.permission", "pk": 20, "fields": {"name": "Can add catalog item", "content_type": 9, "codename": "add_catalogitem"}}, {"model": "auth.permission", "pk": 21, "fields": {"name": "Can change catalog item", "content_type": 9, "codename": "change_catalogitem"}}, {"model": "auth.permission", "pk": 22, "fields": {"name": "Can delete catalog item", "content_type": 9, "codename": "delete_catalogitem"}}, {"model": "auth.permission", "pk": 23, "fields": {"name": "Can add featured item", "content_type": 10, "codename": "add_featureditem"}}, {"model": "auth.permission", "pk": 24, "fields": {"name": "Can change featured item", "content_type": 10, "codename": "change_featureditem"}}, {"model": "auth.permission", "pk": 25, "fields": {"name": "Can delete featured item", "content_type": 10, "codename": "delete_featureditem"}}, {"model": "auth.permission", "pk": 26, "fields": {"name": "Can add listing index", "content_type": 11, "codename": "add_listingindex"}}, {"model": "auth.permission", "pk": 27, "fields": {"name": "Can change listing index", "content_type": 11, "codename": "change_listingindex"}}, {"model": "auth.permission", "pk": 28, "fields": {"name": "Can delete listing index", "content_type": 11, "codename": "delete_listingindex"}}, {"model": "auth.permission", "pk": 29, "fields": {"name": "Can add listing feature", "content_type": 12, "codename": "add_listingfeature"}}, {"model": "auth.permission", "pk": 30, "fields": {"name": "Can change listing feature", "content_type": 12, "codename": "change_listingfeature"}}, {"model": "auth.permission", "pk": 31, "fields": {"name": "Can delete listing feature", "content_type": 12, "codename": "delete_listingfeature"}}, {"model": "auth.permission", "pk": 32, "fields": {"name": "Can add catalog index", "content_type": 13, "codename": "add_catalogindex"}}, {"model": "auth.permission", "pk": 33, "fields": {"name": "Can change catalog index", "content_type": 13, "codename": "change_catalogindex"}}, {"model": "auth.permission", "pk": 34, "fields": {"name": "Can delete catalog index", "content_type": 13, "codename": "delete_catalogindex"}}, {"model": "auth.permission", "pk": 35, "fields": {"name": "Can add listing type index", "content_type": 14, "codename": "add_listingtypeindex"}}, {"model": "auth.permission", "pk": 36, "fields": {"name": "Can change listing type index", "content_type": 14, "codename": "change_listingtypeindex"}}, {"model": "auth.permission", "pk": 37, "fields": {"name": "Can delete listing type index", "content_type": 14, "codename": "delete_listingtypeindex"}}, {"model": "auth.permission", "pk": 38, "fields": {"name": "Can add listing", "content_type": 15, "codename": "add_listing"}}, {"model": "auth.permission", "pk": 39, "fields": {"name": "Can change listing", "content_type": 15, "codename": "change_listing"}}, {"model": "auth.permission", "pk": 40, "fields": {"name": "Can delete listing", "content_type": 15, "codename": "delete_listing"}}, {"model": "auth.permission", "pk": 41, "fields": {"name": "Can add catalog", "content_type": 16, "codename": "add_catalog"}}, {"model": "auth.permission", "pk": 42, "fields": {"name": "Can change catalog", "content_type": 16, "codename": "change_catalog"}}, {"model": "auth.permission", "pk": 43, "fields": {"name": "Can delete catalog", "content_type": 16, "codename": "delete_catalog"}}, {"model": "auth.permission", "pk": 44, "fields": {"name": "Can add form submission", "content_type": 17, "codename": "add_formsubmission"}}, {"model": "auth.permission", "pk": 45, "fields": {"name": "Can change form submission", "content_type": 17, "codename": "change_formsubmission"}}, {"model": "auth.permission", "pk": 46, "fields": {"name": "Can delete form submission", "content_type": 17, "codename": "delete_formsubmission"}}, {"model": "auth.permission", "pk": 47, "fields": {"name": "Can add redirect", "content_type": 18, "codename": "add_redirect"}}, {"model": "auth.permission", "pk": 48, "fields": {"name": "Can change redirect", "content_type": 18, "codename": "change_redirect"}}, {"model": "auth.permission", "pk": 49, "fields": {"name": "Can delete redirect", "content_type": 18, "codename": "delete_redirect"}}, {"model": "auth.permission", "pk": 50, "fields": {"name": "Can add embed", "content_type": 19, "codename": "add_embed"}}, {"model": "auth.permission", "pk": 51, "fields": {"name": "Can change embed", "content_type": 19, "codename": "change_embed"}}, {"model": "auth.permission", "pk": 52, "fields": {"name": "Can delete embed", "content_type": 19, "codename": "delete_embed"}}, {"model": "auth.permission", "pk": 53, "fields": {"name": "Can add user profile", "content_type": 20, "codename": "add_userprofile"}}, {"model": "auth.permission", "pk": 54, "fields": {"name": "Can change user profile", "content_type": 20, "codename": "change_userprofile"}}, {"model": "auth.permission", "pk": 55, "fields": {"name": "Can delete user profile", "content_type": 20, "codename": "delete_userprofile"}}, {"model": "auth.permission", "pk": 56, "fields": {"name": "Can add rendition", "content_type": 21, "codename": "add_rendition"}}, {"model": "auth.permission", "pk": 57, "fields": {"name": "Can change rendition", "content_type": 21, "codename": "change_rendition"}}, {"model": "auth.permission", "pk": 58, "fields": {"name": "Can delete rendition", "content_type": 21, "codename": "delete_rendition"}}, {"model": "auth.permission", "pk": 59, "fields": {"name": "Can add query", "content_type": 22, "codename": "add_query"}}, {"model": "auth.permission", "pk": 60, "fields": {"name": "Can change query", "content_type": 22, "codename": "change_query"}}, {"model": "auth.permission", "pk": 61, "fields": {"name": "Can delete query", "content_type": 22, "codename": "delete_query"}}, {"model": "auth.permission", "pk": 62, "fields": {"name": "Can add Query Daily Hits", "content_type": 23, "codename": "add_querydailyhits"}}, {"model": "auth.permission", "pk": 63, "fields": {"name": "Can change Query Daily Hits", "content_type": 23, "codename": "change_querydailyhits"}}, {"model": "auth.permission", "pk": 64, "fields": {"name": "Can delete Query Daily Hits", "content_type": 23, "codename": "delete_querydailyhits"}}, {"model": "auth.permission", "pk": 65, "fields": {"name": "Can add group page permission", "content_type": 24, "codename": "add_grouppagepermission"}}, {"model": "auth.permission", "pk": 66, "fields": {"name": "Can change group page permission", "content_type": 24, "codename": "change_grouppagepermission"}}, {"model": "auth.permission", "pk": 67, "fields": {"name": "Can delete group page permission", "content_type": 24, "codename": "delete_grouppagepermission"}}, {"model": "auth.permission", "pk": 68, "fields": {"name": "Can add group collection permission", "content_type": 25, "codename": "add_groupcollectionpermission"}}, {"model": "auth.permission", "pk": 69, "fields": {"name": "Can change group collection permission", "content_type": 25, "codename": "change_groupcollectionpermission"}}, {"model": "auth.permission", "pk": 70, "fields": {"name": "Can delete group collection permission", "content_type": 25, "codename": "delete_groupcollectionpermission"}}, {"model": "auth.permission", "pk": 71, "fields": {"name": "Can add page view restriction", "content_type": 26, "codename": "add_pageviewrestriction"}}, {"model": "auth.permission", "pk": 72, "fields": {"name": "Can change page view restriction", "content_type": 26, "codename": "change_pageviewrestriction"}}, {"model": "auth.permission", "pk": 73, "fields": {"name": "Can delete page view restriction", "content_type": 26, "codename": "delete_pageviewrestriction"}}, {"model": "auth.permission", "pk": 74, "fields": {"name": "Can add collection view restriction", "content_type": 27, "codename": "add_collectionviewrestriction"}}, {"model": "auth.permission", "pk": 75, "fields": {"name": "Can change collection view restriction", "content_type": 27, "codename": "change_collectionviewrestriction"}}, {"model": "auth.permission", "pk": 76, "fields": {"name": "Can delete collection view restriction", "content_type": 27, "codename": "delete_collectionviewrestriction"}}, {"model": "auth.permission", "pk": 77, "fields": {"name": "Can add site", "content_type": 28, "codename": "add_site"}}, {"model": "auth.permission", "pk": 78, "fields": {"name": "Can change site", "content_type": 28, "codename": "change_site"}}, {"model": "auth.permission", "pk": 79, "fields": {"name": "Can delete site", "content_type": 28, "codename": "delete_site"}}, {"model": "auth.permission", "pk": 80, "fields": {"name": "Can add page", "content_type": 1, "codename": "add_page"}}, {"model": "auth.permission", "pk": 81, "fields": {"name": "Can change page", "content_type": 1, "codename": "change_page"}}, {"model": "auth.permission", "pk": 82, "fields": {"name": "Can delete page", "content_type": 1, "codename": "delete_page"}}, {"model": "auth.permission", "pk": 83, "fields": {"name": "Can add collection", "content_type": 29, "codename": "add_collection"}}, {"model": "auth.permission", "pk": 84, "fields": {"name": "Can change collection", "content_type": 29, "codename": "change_collection"}}, {"model": "auth.permission", "pk": 85, "fields": {"name": "Can delete collection", "content_type": 29, "codename": "delete_collection"}}, {"model": "auth.permission", "pk": 86, "fields": {"name": "Can add page revision", "content_type": 30, "codename": "add_pagerevision"}}, {"model": "auth.permission", "pk": 87, "fields": {"name": "Can change page revision", "content_type": 30, "codename": "change_pagerevision"}}, {"model": "auth.permission", "pk": 88, "fields": {"name": "Can delete page revision", "content_type": 30, "codename": "delete_pagerevision"}}, {"model": "auth.permission", "pk": 89, "fields": {"name": "Can add Tagged Item", "content_type": 31, "codename": "add_taggeditem"}}, {"model": "auth.permission", "pk": 90, "fields": {"name": "Can change Tagged Item", "content_type": 31, "codename": "change_taggeditem"}}, {"model": "auth.permission", "pk": 91, "fields": {"name": "Can delete Tagged Item", "content_type": 31, "codename": "delete_taggeditem"}}, {"model": "auth.permission", "pk": 92, "fields": {"name": "Can add Tag", "content_type": 32, "codename": "add_tag"}}, {"model": "auth.permission", "pk": 93, "fields": {"name": "Can change Tag", "content_type": 32, "codename": "change_tag"}}, {"model": "auth.permission", "pk": 94, "fields": {"name": "Can delete Tag", "content_type": 32, "codename": "delete_tag"}}, {"model": "auth.permission", "pk": 95, "fields": {"name": "Can add log entry", "content_type": 33, "codename": "add_logentry"}}, {"model": "auth.permission", "pk": 96, "fields": {"name": "Can change log entry", "content_type": 33, "codename": "change_logentry"}}, {"model": "auth.permission", "pk": 97, "fields": {"name": "Can delete log entry", "content_type": 33, "codename": "delete_logentry"}}, {"model": "auth.permission", "pk": 98, "fields": {"name": "Can add group", "content_type": 34, "codename": "add_group"}}, {"model": "auth.permission", "pk": 99, "fields": {"name": "Can change group", "content_type": 34, "codename": "change_group"}}, {"model": "auth.permission", "pk": 100, "fields": {"name": "Can delete group", "content_type": 34, "codename": "delete_group"}}, {"model": "auth.permission", "pk": 101, "fields": {"name": "Can add permission", "content_type": 35, "codename": "add_permission"}}, {"model": "auth.permission", "pk": 102, "fields": {"name": "Can change permission", "content_type": 35, "codename": "change_permission"}}, {"model": "auth.permission", "pk": 103, "fields": {"name": "Can delete permission", "content_type": 35, "codename": "delete_permission"}}, {"model": "auth.permission", "pk": 104, "fields": {"name": "Can add user", "content_type": 36, "codename": "add_user"}}, {"model": "auth.permission", "pk": 105, "fields": {"name": "Can change user", "content_type": 36, "codename": "change_user"}}, {"model": "auth.permission", "pk": 106, "fields": {"name": "Can delete user", "content_type": 36, "codename": "delete_user"}}, {"model": "auth.permission", "pk": 107, "fields": {"name": "Can add content type", "content_type": 37, "codename": "add_contenttype"}}, {"model": "auth.permission", "pk": 108, "fields": {"name": "Can change content type", "content_type": 37, "codename": "change_contenttype"}}, {"model": "auth.permission", "pk": 109, "fields": {"name": "Can delete content type", "content_type": 37, "codename": "delete_contenttype"}}, {"model": "auth.permission", "pk": 110, "fields": {"name": "Can add session", "content_type": 38, "codename": "add_session"}}, {"model": "auth.permission", "pk": 111, "fields": {"name": "Can change session", "content_type": 38, "codename": "change_session"}}, {"model": "auth.permission", "pk": 112, "fields": {"name": "Can delete session", "content_type": 38, "codename": "delete_session"}}, {"model": "auth.group", "pk": 1, "fields": {"name": "Moderators", "permissions": [1, 2, 3, 4, 5, 6, 7]}}, {"model": "auth.group", "pk": 2, "fields": {"name": "Editors", "permissions": [1, 2, 3, 4, 5, 6, 7]}}, {"model": "auth.user", "pk": 1, "fields": {"password": "pbkdf2_sha256$36000$uxENF6AoBEzq$fKT40D8O1vbr9hWAbR6FqtgtajiDsn0YDDumRFrLaec=", "last_login": "2018-05-13T09:26:23Z", "is_superuser": true, "username": "root", "first_name": "", "last_name": "", "email": "root@root.org", "is_staff": true, "is_active": true, "date_joined": "2018-05-13T09:25:37.639Z", "groups": [], "user_permissions": []}}, {"model": "auth.user", "pk": 2, "fields": {"password": "pbkdf2_sha256$36000$fQ49APJJo30d$99cc2Q8ZX27rr6gHO8kA9Q4aoa95tutTNK6cg2tpWuE=", "last_login": "2018-05-13T11:21:49.236Z", "is_superuser": true, "username": "ajpasigado", "first_name": "", "last_name": "", "email": "", "is_staff": true, "is_active": true, "date_joined": "2018-05-13T11:21:37.694Z", "groups": [], "user_permissions": []}}, {"model": "wagtailcore.groupcollectionpermission", "pk": 1, "fields": {"group": 2, "collection": 1, "permission": 2}}, {"model": "wagtailcore.groupcollectionpermission", "pk": 2, "fields": {"group": 1, "collection": 1, "permission": 2}}, {"model": "wagtailcore.groupcollectionpermission", "pk": 3, "fields": {"group": 2, "collection": 1, "permission": 3}}, {"model": "wagtailcore.groupcollectionpermission", "pk": 4, "fields": {"group": 1, "collection": 1, "permission": 3}}, {"model": "wagtailcore.groupcollectionpermission", "pk": 5, "fields": {"group": 2, "collection": 1, "permission": 5}}, {"model": "wagtailcore.groupcollectionpermission", "pk": 6, "fields": {"group": 1, "collection": 1, "permission": 5}}, {"model": "wagtailcore.groupcollectionpermission", "pk": 7, "fields": {"group": 2, "collection": 1, "permission": 6}}, {"model": "wagtailcore.groupcollectionpermission", "pk": 8, "fields": {"group": 1, "collection": 1, "permission": 6}}, {"model": "wagtailcore.grouppagepermission", "pk": 1, "fields": {"group": 1, "page": 1, "permission_type": "add"}}, {"model": "wagtailcore.grouppagepermission", "pk": 2, "fields": {"group": 1, "page": 1, "permission_type": "edit"}}, {"model": "wagtailcore.grouppagepermission", "pk": 3, "fields": {"group": 1, "page": 1, "permission_type": "publish"}}, {"model": "wagtailcore.grouppagepermission", "pk": 4, "fields": {"group": 2, "page": 1, "permission_type": "add"}}, {"model": "wagtailcore.grouppagepermission", "pk": 5, "fields": {"group": 2, "page": 1, "permission_type": "edit"}}, {"model": "wagtailcore.grouppagepermission", "pk": 6, "fields": {"group": 1, "page": 1, "permission_type": "lock"}}, {"model": "wagtailcore.pagerevision", "pk": 1, "fields": {"page": 4, "submitted_for_moderation": false, "created_at": "2018-05-13T09:33:13.972Z", "user": 1, "content_json": "{\"search_description\": \"\", \"owner\": 1, \"latest_revision_created_at\": null, \"go_live_at\": null, \"title\": \"Listing Type Index\", \"seo_title\": \"\", \"draft_title\": \"Listing Type Index\", \"live\": true, \"last_published_at\": null, \"has_unpublished_changes\": false, \"listing_types\": [{\"pk\": 1, \"name\": \"House and Lot\", \"p\": 4}, {\"pk\": 2, \"name\": \"Commercial\", \"p\": 4}, {\"pk\": 3, \"name\": \"Apartment\", \"p\": 4}, {\"pk\": 4, \"name\": \"Condominium\", \"p\": 4}, {\"pk\": 5, \"name\": \"Vacant Land\", \"p\": 4}], \"numchild\": 0, \"content_type\": 14, \"show_in_menus\": false, \"path\": \"000100010001\", \"url_path\": \"/home/list-type-index/\", \"expired\": false, \"slug\": \"list-type-index\", \"locked\": false, \"pk\": 4, \"depth\": 3, \"first_published_at\": null, \"expire_at\": null, \"live_revision\": null}", "approved_go_live_at": null}}, {"model": "wagtailcore.pagerevision", "pk": 2, "fields": {"page": 5, "submitted_for_moderation": false, "created_at": "2018-05-13T09:33:48.206Z", "user": 1, "content_json": "{\"search_description\": \"\", \"owner\": 1, \"latest_revision_created_at\": null, \"go_live_at\": null, \"title\": \"Catalog Index\", \"seo_title\": \"\", \"draft_title\": \"Catalog Index\", \"live\": true, \"last_published_at\": null, \"has_unpublished_changes\": false, \"numchild\": 0, \"content_type\": 13, \"show_in_menus\": false, \"path\": \"000100010002\", \"url_path\": \"/home/catalog-index/\", \"expired\": false, \"slug\": \"catalog-index\", \"locked\": false, \"pk\": 5, \"depth\": 3, \"first_published_at\": null, \"expire_at\": null, \"live_revision\": null}", "approved_go_live_at": null}}, {"model": "wagtailcore.pagerevision", "pk": 3, "fields": {"page": 5, "submitted_for_moderation": false, "created_at": "2018-05-13T09:34:02.914Z", "user": 1, "content_json": "{\"search_description\": \"\", \"owner\": 1, \"latest_revision_created_at\": \"2018-05-13T09:33:48.206Z\", \"go_live_at\": null, \"title\": \"Catalog Index\", \"seo_title\": \"\", \"draft_title\": \"Catalog Index\", \"live\": true, \"last_published_at\": \"2018-05-13T09:33:49.019Z\", \"has_unpublished_changes\": false, \"numchild\": 0, \"content_type\": 13, \"show_in_menus\": false, \"path\": \"000100010002\", \"url_path\": \"/home/catalog-index/\", \"expired\": false, \"slug\": \"catalog\", \"locked\": false, \"pk\": 5, \"depth\": 3, \"first_published_at\": \"2018-05-13T09:33:49.019Z\", \"expire_at\": null, \"live_revision\": 2}", "approved_go_live_at": null}}, {"model": "wagtailcore.pagerevision", "pk": 4, "fields": {"page": 6, "submitted_for_moderation": false, "created_at": "2018-05-13T09:35:26.634Z", "user": 1, "content_json": "{\"search_description\": \"\", \"owner\": 1, \"featured\": [], \"latest_revision_created_at\": null, \"go_live_at\": null, \"title\": \"For Sale\", \"seo_title\": \"\", \"draft_title\": \"For Sale\", \"live\": true, \"last_published_at\": null, \"has_unpublished_changes\": false, \"description\": \"Properties that are for sale.\", \"numchild\": 0, \"content_type\": 16, \"show_in_menus\": false, \"path\": \"0001000100020001\", \"url_path\": \"/home/catalog/for-sale/\", \"expired\": false, \"slug\": \"for-sale\", \"locked\": false, \"name\": \"For Sale\", \"pk\": 6, \"items\": [], \"depth\": 4, \"first_published_at\": null, \"expire_at\": null, \"live_revision\": null}", "approved_go_live_at": null}}, {"model": "wagtailcore.pagerevision", "pk": 5, "fields": {"page": 7, "submitted_for_moderation": false, "created_at": "2018-05-13T09:35:59.934Z", "user": 1, "content_json": "{\"search_description\": \"\", \"owner\": 1, \"featured\": [], \"latest_revision_created_at\": null, \"go_live_at\": null, \"title\": \"For Rent\", \"seo_title\": \"\", \"draft_title\": \"For Rent\", \"live\": true, \"last_published_at\": null, \"has_unpublished_changes\": false, \"description\": \"This is a list of properties that are for rent.\", \"numchild\": 0, \"content_type\": 16, \"show_in_menus\": false, \"path\": \"0001000100020002\", \"url_path\": \"/home/catalog/for-rent/\", \"expired\": false, \"slug\": \"for-rent\", \"locked\": false, \"name\": \"For Rent\", \"pk\": 7, \"items\": [], \"depth\": 4, \"first_published_at\": null, \"expire_at\": null, \"live_revision\": null}", "approved_go_live_at": null}}, {"model": "wagtailcore.pagerevision", "pk": 6, "fields": {"page": 8, "submitted_for_moderation": false, "created_at": "2018-05-13T09:58:50.087Z", "user": 1, "content_json": "{\"search_description\": \"\", \"owner\": 1, \"latest_revision_created_at\": null, \"go_live_at\": null, \"title\": \"Listing Index\", \"seo_title\": \"\", \"draft_title\": \"Listing Index\", \"live\": true, \"last_published_at\": null, \"has_unpublished_changes\": false, \"description\": \"\", \"numchild\": 0, \"content_type\": 11, \"show_in_menus\": false, \"path\": \"000100010003\", \"url_path\": \"/home/properties/\", \"expired\": false, \"slug\": \"properties\", \"locked\": false, \"pk\": 8, \"depth\": 3, \"first_published_at\": null, \"expire_at\": null, \"live_revision\": null}", "approved_go_live_at": null}}, {"model": "wagtailcore.pagerevision", "pk": 7, "fields": {"page": 9, "submitted_for_moderation": false, "created_at": "2018-05-13T10:10:14.894Z", "user": 1, "content_json": "{\"features\": [{\"pk\": 1, \"value\": \"Blum BLUMOTION soft-close technology\", \"prop\": 9}, {\"pk\": 2, \"value\": \"Outdoor entertainment area\", \"prop\": 9}, {\"pk\": 3, \"value\": \"Stainless steel appliances\", \"prop\": 9}, {\"pk\": 4, \"value\": \"Spacious floorplans\", \"prop\": 9}], \"image\": [{\"pk\": 1, \"image\": \"uploads/2018/05/13/1.jpg\", \"description\": \"\", \"pr2\": 9}, {\"pk\": 2, \"image\": \"uploads/2018/05/13/2.jpg\", \"description\": \"\", \"pr2\": 9}, {\"pk\": 3, \"image\": \"uploads/2018/05/13/image3.jpg\", \"description\": \"\", \"pr2\": 9}, {\"pk\": 4, \"image\": \"uploads/2018/05/13/image4.jpg\", \"description\": \"\", \"pr2\": 9}, {\"pk\": 5, \"image\": \"uploads/2018/05/13/image5.jpg\", \"description\": \"\", \"pr2\": 9}, {\"pk\": 6, \"image\": \"uploads/2018/05/13/image6.jpg\", \"description\": \"\", \"pr2\": 9}, {\"pk\": 7, \"image\": \"uploads/2018/05/13/image7.jpg\", \"description\": \"\", \"pr2\": 9}], \"search_description\": \"\", \"price\": \"25713255\", \"owner\": 1, \"num_baths\": 3, \"lot_size\": \"500\", \"address_state\": \"Victoria\", \"latest_revision_created_at\": null, \"listed_date\": \"2016-11-17\", \"property_type\": 1, \"address_street\": \"Blair Street\", \"go_live_at\": null, \"title\": \"4 Blair Street Bentleigh Victoria Australia 3204 - For Sale\", \"address_country\": \"Australia\", \"seo_title\": \"\", \"draft_title\": \"4 Blair Street Bentleigh Victoria Australia 3204 - For Sale\", \"floor_area\": \"465\", \"live\": true, \"last_published_at\": null, \"has_unpublished_changes\": false, \"similarlistings_set\": [], \"address_lotnumber\": \"4\", \"description\": \"<p>Blair\\n Fields, Bentleigh offers bright, airy and serene living spaces. Well \\nconsidered window placement of generous proportions enhance an internal \\nplace of rest and rejuvenation. <br/><br/>Luxury touches include: <br/><br/>\\u2022 Stainless steel Miele oven, cooktop, rangehood and integrated dishwasher. <br/>\\u2022 Blum BLUMOTION soft-close technology.<br/>\\u2022 Sleek dark Italian porcelain Storm Negro kitchen countertops and splashback<br/>\\u2022 Bathrooms featuring Italian Calcatta Porcelain Slabs by Maxfine<br/>\\u2022 Luxurious finishes extend to the laundry with solid stone benchtops.<br/><br/>A choice of two or three bedroom apartments with the highest quality finishes Bentleigh has to offer.<br/><br/>Visit the onsite display suite at 2-4 Blair Street, Bentleigh open Saturday &amp; Sunday 12pm - 3pm  </p>\", \"build_year\": 2015, \"purchase_mode\": 0, \"numchild\": 0, \"similarListing\": [], \"content_type\": 15, \"show_in_menus\": false, \"path\": \"0001000100030001\", \"url_path\": \"/home/properties/4-blair-street-bentleigh-victoria-australia-3204/\", \"expired\": false, \"slug\": \"4-blair-street-bentleigh-victoria-australia-3204\", \"address_zip\": 3204, \"address_city\": \"Bentleigh\", \"locked\": false, \"pk\": 9, \"num_beds\": 8, \"depth\": 4, \"first_published_at\": null, \"fully_furnished\": true, \"expire_at\": null, \"live_revision\": null}", "approved_go_live_at": null}}, {"model": "wagtailcore.pagerevision", "pk": 8, "fields": {"page": 10, "submitted_for_moderation": false, "created_at": "2018-05-13T10:12:19.876Z", "user": 1, "content_json": "{\"search_description\": \"\", \"owner\": 1, \"featured\": [], \"latest_revision_created_at\": null, \"go_live_at\": null, \"title\": \"Luxury Lofts\", \"seo_title\": \"\", \"draft_title\": \"Luxury Lofts\", \"live\": true, \"last_published_at\": null, \"has_unpublished_changes\": false, \"description\": \"\", \"numchild\": 0, \"content_type\": 16, \"show_in_menus\": false, \"path\": \"0001000100020003\", \"url_path\": \"/home/catalog/luxury-lofts/\", \"expired\": false, \"slug\": \"luxury-lofts\", \"locked\": false, \"name\": \"Luxury Lofts\", \"pk\": 10, \"items\": [{\"pk\": 2, \"prop\": 9, \"pr2\": 10}], \"depth\": 4, \"first_published_at\": null, \"expire_at\": null, \"live_revision\": null}", "approved_go_live_at": null}}, {"model": "wagtailcore.pagerevision", "pk": 9, "fields": {"page": 11, "submitted_for_moderation": false, "created_at": "2018-05-13T10:18:26.812Z", "user": 1, "content_json": "{\"features\": [{\"pk\": 5, \"value\": \"Intercom\", \"prop\": 11}, {\"pk\": 6, \"value\": \"Floorboards\", \"prop\": 11}, {\"pk\": 7, \"value\": \"Broadband Internet Available\", \"prop\": 11}, {\"pk\": 8, \"value\": \"Built-in Wardrobes\", \"prop\": 11}, {\"pk\": 9, \"value\": \"Dishwasher\", \"prop\": 11}, {\"pk\": 10, \"value\": \"Split-system Air Conditioning\", \"prop\": 11}, {\"pk\": 11, \"value\": \"Ducted Heating\", \"prop\": 11}], \"image\": [{\"pk\": 8, \"image\": \"uploads/2018/05/13/1_tb2eWBq.jpg\", \"description\": \"Two assure edward whence the was. Who worthy yet ten boy denote wonder.\", \"pr2\": 11}, {\"pk\": 9, \"image\": \"uploads/2018/05/13/2_QdKzU22.jpg\", \"description\": \"Weeks views her sight old tears sorry. Additions can suspected its concealed put furnished.\", \"pr2\": 11}, {\"pk\": 10, \"image\": \"uploads/2018/05/13/3.jpg\", \"description\": \"Met the why particular devonshire decisively considered partiality. Certain it waiting no entered is.\", \"pr2\": 11}, {\"pk\": 11, \"image\": \"uploads/2018/05/13/4.jpg\", \"description\": \"Passed her indeed uneasy shy polite appear denied. Oh less girl no walk. At he spot with five of view.\", \"pr2\": 11}, {\"pk\": 12, \"image\": \"uploads/2018/05/13/5.jpg\", \"description\": \"\", \"pr2\": 11}, {\"pk\": 13, \"image\": \"uploads/2018/05/13/5.png\", \"description\": \"\", \"pr2\": 11}], \"search_description\": \"\", \"price\": \"52019000\", \"owner\": 1, \"num_baths\": 2, \"lot_size\": \"100.7\", \"address_state\": \"Victoria\", \"latest_revision_created_at\": null, \"listed_date\": \"2017-11-15\", \"property_type\": 4, \"address_street\": \"Burke Road\", \"go_live_at\": null, \"title\": \"399 Burke Road Camberwell Victoria Australia 3124 - For Sale\", \"address_country\": \"Australia\", \"seo_title\": \"\", \"draft_title\": \"399 Burke Road Camberwell Victoria Australia 3124 - For Sale\", \"floor_area\": \"100.7\", \"live\": true, \"last_published_at\": null, \"has_unpublished_changes\": false, \"similarlistings_set\": [], \"address_lotnumber\": \"399\", \"description\": \"<p>ENTERTAIN IN STYLE, WHILST ENJOY THE PRIVACY OF UPSTAIRS BEDROOMS.</p> <p>Entertain in style, whilst enjoying the privacy of bedrooms located upstairs.<br/><br/>Bijou Camberwell comprises 37 architecturally designed apartments by Fender Katsalidis.<br/><br/>The\\n apartments are high-end owner-occupier grade in terms of space and \\nspecification, and designed to meet the needs of local down-sizers.</p>\", \"build_year\": 2014, \"purchase_mode\": 0, \"numchild\": 0, \"similarListing\": [{\"pk\": 1, \"prop\": 9, \"fkey\": 11}], \"content_type\": 15, \"show_in_menus\": false, \"path\": \"0001000100030002\", \"url_path\": \"/home/properties/399-burke-road-camberwell-victoria-australia-3124/\", \"expired\": false, \"slug\": \"399-burke-road-camberwell-victoria-australia-3124\", \"address_zip\": 3124, \"address_city\": \"Camberwell\", \"locked\": false, \"pk\": 11, \"num_beds\": 2, \"depth\": 4, \"first_published_at\": null, \"fully_furnished\": true, \"expire_at\": null, \"live_revision\": null}", "approved_go_live_at": null}}, {"model": "wagtailcore.pagerevision", "pk": 10, "fields": {"page": 12, "submitted_for_moderation": false, "created_at": "2018-05-13T10:24:20.593Z", "user": 1, "content_json": "{\"features\": [{\"pk\": 12, \"value\": \"3 minutes to Eastlink\", \"prop\": 12}, {\"pk\": 13, \"value\": \"2 km to Eastland shopping hub, cafes and entertain\", \"prop\": 12}, {\"pk\": 14, \"value\": \"4 mins to new train station and bus transport hub\", \"prop\": 12}, {\"pk\": 15, \"value\": \"Surrounded by early learning centres, private scho\", \"prop\": 12}, {\"pk\": 16, \"value\": \"Close to new aquatic centre, parks and numerous re\", \"prop\": 12}, {\"pk\": 17, \"value\": \"Full turnkey package, no extra to pay\", \"prop\": 12}], \"image\": [{\"pk\": 14, \"image\": \"uploads/2018/05/13/1_EPLEJmf.jpg\", \"description\": \"\", \"pr2\": 12}, {\"pk\": 15, \"image\": \"uploads/2018/05/13/2_qMIt9U5.jpg\", \"description\": \"\", \"pr2\": 12}, {\"pk\": 16, \"image\": \"uploads/2018/05/13/3_zBBzQqX.jpg\", \"description\": \"\", \"pr2\": 12}, {\"pk\": 17, \"image\": \"uploads/2018/05/13/4_9qDhsy2.jpg\", \"description\": \"\", \"pr2\": 12}, {\"pk\": 18, \"image\": \"uploads/2018/05/13/5_soeTfyL.jpg\", \"description\": \"\", \"pr2\": 12}, {\"pk\": 19, \"image\": \"uploads/2018/05/13/6.jpg\", \"description\": \"\", \"pr2\": 12}, {\"pk\": 20, \"image\": \"uploads/2018/05/13/7.jpg\", \"description\": \"\", \"pr2\": 12}], \"search_description\": \"\", \"price\": \"12500000\", \"owner\": 1, \"num_baths\": 1, \"lot_size\": \"97\", \"address_state\": \"Victoria\", \"latest_revision_created_at\": null, \"listed_date\": \"2018-05-15\", \"property_type\": 4, \"address_street\": \"Mount Dandenong Road\", \"go_live_at\": null, \"title\": \"97 Mount Dandenong Road Camberwell Victoria Australia 3501 - For Sale\", \"address_country\": \"Australia\", \"seo_title\": \"\", \"draft_title\": \"97 Mount Dandenong Road Camberwell Victoria Australia 3501 - For Sale\", \"floor_area\": \"97\", \"live\": true, \"last_published_at\": null, \"has_unpublished_changes\": false, \"similarlistings_set\": [], \"address_lotnumber\": \"97\", \"description\": \"The\\n Woodlands, now selling off the plan. 14 uniquely designed town \\nresidences situated in the leafy retreat between Mount Dandenong Road \\nand Sunbeam Avenue of Ringwood East. <br/><br/>Stage I of the development \\noffers 3 fully turnkey, high quality, double storey townhouses. Choose \\nfrom 3 or 4 bedroom configurations, with 2 living areas, double garages,\\n and house sizes range from 185 to 192 square metres. <br/><br/>Residents\\n of The Woodlands will enjoy living in a prime Ringwood East location, \\nsurrounded by an abundance of educational institutions, medical centres,\\n sporting facilities, parkland and fantastic shopping. Entry to the \\nEastlink is just 3km away, offering a 38 minute, direct route to the \\ncentre of Melbourne. <br/><br/>Major shopping hub of Eastland is just 2kms\\n away, offering hundreds of speciality stores &amp; eateries, as well as\\n cinemas, libraries, fitness centres, children\\u2019s play areas, restaurants\\n etc.<br/><br/>For those raising a family, The Woodlands is surrounded by \\nearly learning centres, through primary, secondary and tertiary \\ninstitutes. There is also no shortage of recreational and sporting \\nfacilities, with numerous football and cricket grounds, tennis courts, \\nathletics grounds and aquatics centres. Ringwood is one of Melbourne\\u2019s \\ngreenest suburbs and is dotted with parkland, lakes, cycling and running\\n paths, and children\\u2019s play areas. <br/><br/><p>Register today to secure your new home in The Woodlands.</p>\", \"build_year\": 2014, \"purchase_mode\": 0, \"numchild\": 0, \"similarListing\": [{\"pk\": 2, \"prop\": 9, \"fkey\": 12}, {\"pk\": 3, \"prop\": 11, \"fkey\": 12}], \"content_type\": 15, \"show_in_menus\": false, \"path\": \"0001000100030003\", \"url_path\": \"/home/properties/97-mount-dandenong-road-camberwell-victoria-australia-3501/\", \"expired\": false, \"slug\": \"97-mount-dandenong-road-camberwell-victoria-australia-3501\", \"address_zip\": 3501, \"address_city\": \"Camberwell\", \"locked\": false, \"pk\": 12, \"num_beds\": 3, \"depth\": 4, \"first_published_at\": null, \"fully_furnished\": true, \"expire_at\": null, \"live_revision\": null}", "approved_go_live_at": null}}, {"model": "wagtailcore.pagerevision", "pk": 11, "fields": {"page": 13, "submitted_for_moderation": false, "created_at": "2018-05-13T10:28:43.946Z", "user": 1, "content_json": "{\"features\": [{\"pk\": 18, \"value\": \"Telephone Line\", \"prop\": 13}, {\"pk\": 19, \"value\": \"Hot and Cold Shower\", \"prop\": 13}, {\"pk\": 20, \"value\": \"Stainless utensils\", \"prop\": 13}, {\"pk\": 21, \"value\": \"Neighbor's noisy dogs\", \"prop\": 13}], \"image\": [{\"pk\": 21, \"image\": \"uploads/2018/05/13/1_OUydj3f.jpg\", \"description\": \"\", \"pr2\": 13}, {\"pk\": 22, \"image\": \"uploads/2018/05/13/2_t5QJ1Zm.jpg\", \"description\": \"\", \"pr2\": 13}, {\"pk\": 23, \"image\": \"uploads/2018/05/13/2_rvjt3Cq.jpg\", \"description\": \"\", \"pr2\": 13}, {\"pk\": 24, \"image\": \"uploads/2018/05/13/3_zDUBmvE.jpg\", \"description\": \"\", \"pr2\": 13}, {\"pk\": 25, \"image\": \"uploads/2018/05/13/4_gLR3n08.jpg\", \"description\": \"\", \"pr2\": 13}, {\"pk\": 26, \"image\": \"uploads/2018/05/13/5_CxLuAbA.jpg\", \"description\": \"\", \"pr2\": 13}, {\"pk\": 27, \"image\": \"uploads/2018/05/13/6_XtyQ75Y.jpg\", \"description\": \"\", \"pr2\": 13}, {\"pk\": 28, \"image\": \"uploads/2018/05/13/7_mDiJrAY.jpg\", \"description\": \"\", \"pr2\": 13}], \"search_description\": \"\", \"price\": \"9500000\", \"owner\": 1, \"num_baths\": 2, \"lot_size\": \"102\", \"address_state\": \"Victoria\", \"latest_revision_created_at\": null, \"listed_date\": \"2017-12-07\", \"property_type\": 1, \"address_street\": \"Van der Haar Street\", \"go_live_at\": null, \"title\": \"45 Van der Haar Street Camberwell Victoria Australia 3602 - For Sale\", \"address_country\": \"Australia\", \"seo_title\": \"\", \"draft_title\": \"45 Van der Haar Street Camberwell Victoria Australia 3602 - For Sale\", \"floor_area\": \"85\", \"live\": true, \"last_published_at\": null, \"has_unpublished_changes\": false, \"similarlistings_set\": [], \"address_lotnumber\": \"45\", \"description\": \"<p>\\\"GRAND\\\" Open SATURDAY at 2:00pm - 2:45pm! A Premium Corner Position With Comfort and Luxury !</p> FIXED D8 SALE: 6/6/2018 (unless sold prior)<br/>This\\n beautiful, well loved, warm and peaceful home offers both comfort and \\nluxury. The premier location in a quiet court,  multiple living zones \\nand separate kitchen with meals area makes this blissful home suitable \\nfor both young and mature families. This freshly painted beauty, with \\nbrand new quality carpets  accommodates four living areas, a homely \\nsolid Tasmanian blackwood kitchen with lovely slate tiles, four bedrooms\\n (Master Suite complete with WIR and Ensuite and 2 other bedroom with \\nBIR) two superbly renovated bathrooms, remote control garage and \\ndownlights, ducted heating and evaporative cooling throughout.<br/><br/>Whether\\n you wish to unwind or entertain, stepping outside and finding yourself \\nin the blissfully peaceful and generous decking alfresco with a built in\\n barbecue and a private solar heated swimming pool, leading to a secret \\ngarden will make your experience very enjoyable. The front garden is \\nbeautifully manicured, bursting with colour making this family home \\nextremely welcoming and pleasant even before you step inside.<br/><br/>All\\n this within walking distance to Berwick Lodge Primary School, minutes \\nfrom Wilson Botanic Park, Berwick High Street, train station, Westfield \\nFountain Gate and Monash Freeway. An inspection is sure to impress!<br/><br/>\\\"GRAND\\\" Open SATURDAY at 2:00pm - 2:45pm<br/>Beverages, Snacks, Kids stuff and so much more!<br/><br/>PHOTO ID IS REQUIRED ON ALL INSPECTIONS<br/><br/>\\u201cSelling? You\\u2019ll be SOLD with our $8,800 Success Fee\\u201c\", \"build_year\": 2011, \"purchase_mode\": 0, \"numchild\": 0, \"similarListing\": [{\"pk\": 5, \"prop\": 9, \"fkey\": 13}, {\"pk\": 4, \"prop\": 11, \"fkey\": 13}, {\"pk\": 6, \"prop\": 12, \"fkey\": 13}], \"content_type\": 15, \"show_in_menus\": false, \"path\": \"0001000100030004\", \"url_path\": \"/home/properties/45-van-der-haar-street-camberwell-victoria-australia-3602/\", \"expired\": false, \"slug\": \"45-van-der-haar-street-camberwell-victoria-australia-3602\", \"address_zip\": 3602, \"address_city\": \"Camberwell\", \"locked\": false, \"pk\": 13, \"num_beds\": 1, \"depth\": 4, \"first_published_at\": null, \"fully_furnished\": true, \"expire_at\": null, \"live_revision\": null}", "approved_go_live_at": null}}, {"model": "wagtailcore.pagerevision", "pk": 12, "fields": {"page": 14, "submitted_for_moderation": false, "created_at": "2018-05-13T10:31:34.158Z", "user": 1, "content_json": "{\"features\": [{\"pk\": 22, \"value\": \"Pool\", \"prop\": 14}, {\"pk\": 23, \"value\": \"Telephone Line\", \"prop\": 14}, {\"pk\": 24, \"value\": \"Broadband Access\", \"prop\": 14}, {\"pk\": 25, \"value\": \"Hot n' cold shower\", \"prop\": 14}], \"image\": [{\"pk\": 29, \"image\": \"uploads/2018/05/13/1_7KPc4ho.jpg\", \"description\": \"\", \"pr2\": 14}, {\"pk\": 30, \"image\": \"uploads/2018/05/13/2_hBkicb1.jpg\", \"description\": \"\", \"pr2\": 14}, {\"pk\": 31, \"image\": \"uploads/2018/05/13/3_1z5Jb9g.jpg\", \"description\": \"\", \"pr2\": 14}, {\"pk\": 32, \"image\": \"uploads/2018/05/13/4_jEA8RST.jpg\", \"description\": \"\", \"pr2\": 14}, {\"pk\": 33, \"image\": \"uploads/2018/05/13/5_XnTaqz6.jpg\", \"description\": \"\", \"pr2\": 14}], \"search_description\": \"\", \"price\": \"15750000\", \"owner\": 1, \"num_baths\": 1, \"lot_size\": \"85\", \"address_state\": \"Victoria\", \"latest_revision_created_at\": null, \"listed_date\": \"2017-10-26\", \"property_type\": 1, \"address_street\": \"Flash Dan Drive\", \"go_live_at\": null, \"title\": \"18 Flash Dan Drive Cranbourne Victoria Australia 3601 - For Sale\", \"address_country\": \"Australia\", \"seo_title\": \"\", \"draft_title\": \"18 Flash Dan Drive Cranbourne Victoria Australia 3601 - For Sale\", \"floor_area\": \"75\", \"live\": true, \"last_published_at\": null, \"has_unpublished_changes\": false, \"similarlistings_set\": [], \"address_lotnumber\": \"18\", \"description\": \"<p>\\\"GRAND\\\" Open SATURDAY at 12:00pm - 12:45pm! Luxurious Living in Cascades on Clyde!</p> FIXED D8 SALE: 4/6/2018 (unless sold prior)<br/>Presented\\n FOR SALE is this Stunning 30sq Home situated in the Prestigious \\nCascades on Clyde within a short walk to Selendra &amp; Hunt Club shops,\\n transport, schools and parks.<br/><br/>- Boasting 4 bedrooms with built \\nin robes, grand master bedroom with walk in robe and hotel like ensuite \\nwith double basins, study, multiple zone living: formal lounge, open \\nplan family and meals, theatre room,  gorgeous kitchen with pendant \\nlights and caesar stone benches.<br/>- Features refrigerated cooling, \\nducted heating, 900mm stainless steel cooker with rangehood, dishwasher,\\n sun shade and block blinds, modern light fittings, floating timber \\nfloors, NBN internet, recycled water available.<br/>- Outside you will \\nfind a remote control double garage, private covered outdoor area \\noverlooking a relaxing water fall/fish tank and on an easy to maintain \\n578m2 block.<br/><br/>This much loved home would suit all type of buyers so make sure its on TOP of your list! <br/> <br/>\\\"GRAND\\\" Open SATURDAY at 12:00pm - 12:45pm<br/>Beverages, Snacks, Kids stuff and so much more!<br/><br/>PHOTO ID IS REQUIRED ON ALL INSPECTIONS<br/><br/>\\u201cSelling? You\\u2019ll be SOLD with our $8,800 Success Fee\\u201c\", \"build_year\": 2011, \"purchase_mode\": 0, \"numchild\": 0, \"similarListing\": [{\"pk\": 7, \"prop\": 9, \"fkey\": 14}, {\"pk\": 8, \"prop\": 11, \"fkey\": 14}, {\"pk\": 9, \"prop\": 12, \"fkey\": 14}, {\"pk\": 10, \"prop\": 13, \"fkey\": 14}], \"content_type\": 15, \"show_in_menus\": false, \"path\": \"0001000100030005\", \"url_path\": \"/home/properties/18-flash-dan-drive-cranbourne-victoria-australia-3601/\", \"expired\": false, \"slug\": \"18-flash-dan-drive-cranbourne-victoria-australia-3601\", \"address_zip\": 3601, \"address_city\": \"Cranbourne\", \"locked\": false, \"pk\": 14, \"num_beds\": 3, \"depth\": 4, \"first_published_at\": null, \"fully_furnished\": false, \"expire_at\": null, \"live_revision\": null}", "approved_go_live_at": null}}, {"model": "wagtailcore.pagerevision", "pk": 13, "fields": {"page": 6, "submitted_for_moderation": false, "created_at": "2018-05-13T11:25:01.693Z", "user": 2, "content_json": "{\"search_description\": \"\", \"owner\": 1, \"featured\": [{\"pk\": null, \"prop\": 3, \"fkey\": 6}], \"latest_revision_created_at\": \"2018-05-13T09:35:26.634Z\", \"go_live_at\": null, \"title\": \"For Sale\", \"seo_title\": \"\", \"draft_title\": \"For Sale\", \"live\": true, \"last_published_at\": \"2018-05-13T09:35:27.447Z\", \"has_unpublished_changes\": false, \"description\": \"Properties that are for sale.\", \"numchild\": 0, \"content_type\": 16, \"show_in_menus\": false, \"path\": \"0001000100020001\", \"url_path\": \"/home/catalog/for-sale/\", \"expired\": false, \"slug\": \"for-sale\", \"locked\": false, \"name\": \"For Sale\", \"pk\": 6, \"items\": [{\"pk\": 1, \"prop\": 9, \"pr2\": 6}, {\"pk\": 3, \"prop\": 11, \"pr2\": 6}, {\"pk\": 4, \"prop\": 12, \"pr2\": 6}, {\"pk\": 5, \"prop\": 13, \"pr2\": 6}, {\"pk\": 6, \"prop\": 14, \"pr2\": 6}], \"depth\": 4, \"first_published_at\": \"2018-05-13T09:35:27.447Z\", \"expire_at\": null, \"live_revision\": 4}", "approved_go_live_at": null}}, {"model": "wagtailcore.pagerevision", "pk": 14, "fields": {"page": 6, "submitted_for_moderation": false, "created_at": "2018-05-13T11:30:02.541Z", "user": 2, "content_json": "{\"search_description\": \"\", \"owner\": 1, \"featured\": [{\"pk\": 1, \"prop\": 3, \"fkey\": 6}, {\"pk\": null, \"prop\": 5, \"fkey\": 6}], \"latest_revision_created_at\": \"2018-05-13T11:25:01.693Z\", \"go_live_at\": null, \"title\": \"For Sale\", \"seo_title\": \"\", \"draft_title\": \"For Sale\", \"live\": true, \"last_published_at\": \"2018-05-13T11:25:07.278Z\", \"has_unpublished_changes\": false, \"description\": \"Properties that are for sale.\", \"numchild\": 0, \"content_type\": 16, \"show_in_menus\": false, \"path\": \"0001000100020001\", \"url_path\": \"/home/catalog/for-sale/\", \"expired\": false, \"slug\": \"for-sale\", \"locked\": false, \"name\": \"For Sale\", \"pk\": 6, \"items\": [{\"pk\": 1, \"prop\": 9, \"pr2\": 6}, {\"pk\": 3, \"prop\": 11, \"pr2\": 6}, {\"pk\": 4, \"prop\": 12, \"pr2\": 6}, {\"pk\": 5, \"prop\": 13, \"pr2\": 6}, {\"pk\": 6, \"prop\": 14, \"pr2\": 6}], \"depth\": 4, \"first_published_at\": \"2018-05-13T09:35:27.447Z\", \"expire_at\": null, \"live_revision\": 13}", "approved_go_live_at": null}}, {"model": "wagtailcore.page", "pk": 1, "fields": {"path": "0001", "depth": 1, "numchild": 1, "title": "Root", "draft_title": "Root", "slug": "root", "content_type": 1, "live": true, "has_unpublished_changes": false, "url_path": "/", "owner": null, "seo_title": "", "show_in_menus": false, "search_description": "", "go_live_at": null, "expire_at": null, "expired": false, "locked": false, "first_published_at": null, "last_published_at": null, "latest_revision_created_at": null, "live_revision": null}}, {"model": "wagtailcore.page", "pk": 3, "fields": {"path": "00010001", "depth": 2, "numchild": 3, "title": "Home", "draft_title": "Home", "slug": "home", "content_type": 2, "live": true, "has_unpublished_changes": false, "url_path": "/home/", "owner": null, "seo_title": "", "show_in_menus": false, "search_description": "", "go_live_at": null, "expire_at": null, "expired": false, "locked": false, "first_published_at": null, "last_published_at": null, "latest_revision_created_at": null, "live_revision": null}}, {"model": "wagtailcore.page", "pk": 4, "fields": {"path": "000100010001", "depth": 3, "numchild": 0, "title": "Listing Type Index", "draft_title": "Listing Type Index", "slug": "list-type-index", "content_type": 14, "live": true, "has_unpublished_changes": false, "url_path": "/home/list-type-index/", "owner": 1, "seo_title": "", "show_in_menus": false, "search_description": "", "go_live_at": null, "expire_at": null, "expired": false, "locked": false, "first_published_at": "2018-05-13T09:33:15.462Z", "last_published_at": "2018-05-13T09:33:15.462Z", "latest_revision_created_at": "2018-05-13T09:33:13.972Z", "live_revision": 1}}, {"model": "wagtailcore.page", "pk": 5, "fields": {"path": "000100010002", "depth": 3, "numchild": 3, "title": "Catalog Index", "draft_title": "Catalog Index", "slug": "catalog", "content_type": 13, "live": true, "has_unpublished_changes": false, "url_path": "/home/catalog/", "owner": 1, "seo_title": "", "show_in_menus": false, "search_description": "", "go_live_at": null, "expire_at": null, "expired": false, "locked": false, "first_published_at": "2018-05-13T09:33:49.019Z", "last_published_at": "2018-05-13T09:34:03.436Z", "latest_revision_created_at": "2018-05-13T09:34:02.914Z", "live_revision": 3}}, {"model": "wagtailcore.page", "pk": 6, "fields": {"path": "0001000100020001", "depth": 4, "numchild": 0, "title": "For Sale", "draft_title": "For Sale", "slug": "for-sale", "content_type": 16, "live": true, "has_unpublished_changes": false, "url_path": "/home/catalog/for-sale/", "owner": 1, "seo_title": "", "show_in_menus": false, "search_description": "", "go_live_at": null, "expire_at": null, "expired": false, "locked": false, "first_published_at": "2018-05-13T09:35:27.447Z", "last_published_at": "2018-05-13T11:30:08.100Z", "latest_revision_created_at": "2018-05-13T11:30:02.541Z", "live_revision": 14}}, {"model": "wagtailcore.page", "pk": 7, "fields": {"path": "0001000100020002", "depth": 4, "numchild": 0, "title": "For Rent", "draft_title": "For Rent", "slug": "for-rent", "content_type": 16, "live": true, "has_unpublished_changes": false, "url_path": "/home/catalog/for-rent/", "owner": 1, "seo_title": "", "show_in_menus": false, "search_description": "", "go_live_at": null, "expire_at": null, "expired": false, "locked": false, "first_published_at": "2018-05-13T09:36:00.505Z", "last_published_at": "2018-05-13T09:36:00.505Z", "latest_revision_created_at": "2018-05-13T09:35:59.934Z", "live_revision": 5}}, {"model": "wagtailcore.page", "pk": 8, "fields": {"path": "000100010003", "depth": 3, "numchild": 5, "title": "Listing Index", "draft_title": "Listing Index", "slug": "properties", "content_type": 11, "live": true, "has_unpublished_changes": false, "url_path": "/home/properties/", "owner": 1, "seo_title": "", "show_in_menus": false, "search_description": "", "go_live_at": null, "expire_at": null, "expired": false, "locked": false, "first_published_at": "2018-05-13T09:58:50.907Z", "last_published_at": "2018-05-13T09:58:50.907Z", "latest_revision_created_at": "2018-05-13T09:58:50.087Z", "live_revision": 6}}, {"model": "wagtailcore.page", "pk": 9, "fields": {"path": "0001000100030001", "depth": 4, "numchild": 0, "title": "4 Blair Street Bentleigh Victoria Australia 3204 - For Sale", "draft_title": "4 Blair Street Bentleigh Victoria Australia 3204 - For Sale", "slug": "4-blair-street-bentleigh-victoria-australia-3204", "content_type": 15, "live": true, "has_unpublished_changes": false, "url_path": "/home/properties/4-blair-street-bentleigh-victoria-australia-3204/", "owner": 1, "seo_title": "", "show_in_menus": false, "search_description": "", "go_live_at": null, "expire_at": null, "expired": false, "locked": false, "first_published_at": "2018-05-13T10:10:16.438Z", "last_published_at": "2018-05-13T10:10:16.438Z", "latest_revision_created_at": "2018-05-13T10:10:14.894Z", "live_revision": 7}}, {"model": "wagtailcore.page", "pk": 10, "fields": {"path": "0001000100020003", "depth": 4, "numchild": 0, "title": "Luxury Lofts", "draft_title": "Luxury Lofts", "slug": "luxury-lofts", "content_type": 16, "live": true, "has_unpublished_changes": false, "url_path": "/home/catalog/luxury-lofts/", "owner": 1, "seo_title": "", "show_in_menus": false, "search_description": "", "go_live_at": null, "expire_at": null, "expired": false, "locked": false, "first_published_at": "2018-05-13T10:12:20.548Z", "last_published_at": "2018-05-13T10:12:20.548Z", "latest_revision_created_at": "2018-05-13T10:12:19.876Z", "live_revision": 8}}, {"model": "wagtailcore.page", "pk": 11, "fields": {"path": "0001000100030002", "depth": 4, "numchild": 0, "title": "399 Burke Road Camberwell Victoria Australia 3124 - For Sale", "draft_title": "399 Burke Road Camberwell Victoria Australia 3124 - For Sale", "slug": "399-burke-road-camberwell-victoria-australia-3124", "content_type": 15, "live": true, "has_unpublished_changes": false, "url_path": "/home/properties/399-burke-road-camberwell-victoria-australia-3124/", "owner": 1, "seo_title": "", "show_in_menus": false, "search_description": "", "go_live_at": null, "expire_at": null, "expired": false, "locked": false, "first_published_at": "2018-05-13T10:18:28.266Z", "last_published_at": "2018-05-13T10:18:28.266Z", "latest_revision_created_at": "2018-05-13T10:18:26.812Z", "live_revision": 9}}, {"model": "wagtailcore.page", "pk": 12, "fields": {"path": "0001000100030003", "depth": 4, "numchild": 0, "title": "97 Mount Dandenong Road Camberwell Victoria Australia 3501 - For Sale", "draft_title": "97 Mount Dandenong Road Camberwell Victoria Australia 3501 - For Sale", "slug": "97-mount-dandenong-road-camberwell-victoria-australia-3501", "content_type": 15, "live": true, "has_unpublished_changes": false, "url_path": "/home/properties/97-mount-dandenong-road-camberwell-victoria-australia-3501/", "owner": 1, "seo_title": "", "show_in_menus": false, "search_description": "", "go_live_at": null, "expire_at": null, "expired": false, "locked": false, "first_published_at": "2018-05-13T10:24:21.521Z", "last_published_at": "2018-05-13T10:24:21.521Z", "latest_revision_created_at": "2018-05-13T10:24:20.593Z", "live_revision": 10}}, {"model": "wagtailcore.page", "pk": 13, "fields": {"path": "0001000100030004", "depth": 4, "numchild": 0, "title": "45 Van der Haar Street Camberwell Victoria Australia 3602 - For Sale", "draft_title": "45 Van der Haar Street Camberwell Victoria Australia 3602 - For Sale", "slug": "45-van-der-haar-street-camberwell-victoria-australia-3602", "content_type": 15, "live": true, "has_unpublished_changes": false, "url_path": "/home/properties/45-van-der-haar-street-camberwell-victoria-australia-3602/", "owner": 1, "seo_title": "", "show_in_menus": false, "search_description": "", "go_live_at": null, "expire_at": null, "expired": false, "locked": false, "first_published_at": "2018-05-13T10:28:45.625Z", "last_published_at": "2018-05-13T10:28:45.625Z", "latest_revision_created_at": "2018-05-13T10:28:43.946Z", "live_revision": 11}}, {"model": "wagtailcore.page", "pk": 14, "fields": {"path": "0001000100030005", "depth": 4, "numchild": 0, "title": "18 Flash Dan Drive Cranbourne Victoria Australia 3601 - For Sale", "draft_title": "18 Flash Dan Drive Cranbourne Victoria Australia 3601 - For Sale", "slug": "18-flash-dan-drive-cranbourne-victoria-australia-3601", "content_type": 15, "live": true, "has_unpublished_changes": false, "url_path": "/home/properties/18-flash-dan-drive-cranbourne-victoria-australia-3601/", "owner": 1, "seo_title": "", "show_in_menus": false, "search_description": "", "go_live_at": null, "expire_at": null, "expired": false, "locked": false, "first_published_at": "2018-05-13T10:31:35.310Z", "last_published_at": "2018-05-13T10:31:35.310Z", "latest_revision_created_at": "2018-05-13T10:31:34.158Z", "live_revision": 12}}, {"model": "realestate.catalogindex", "pk": 5, "fields": {}}, {"model": "realestate.catalog", "pk": 6, "fields": {"name": "For Sale", "description": "Properties that are for sale."}}, {"model": "realestate.catalog", "pk": 7, "fields": {"name": "For Rent", "description": "This is a list of properties that are for rent."}}, {"model": "realestate.catalog", "pk": 10, "fields": {"name": "Luxury Lofts", "description": ""}}, {"model": "realestate.listingtypeindex", "pk": 4, "fields": {}}, {"model": "realestate.listing", "pk": 9, "fields": {"description": "<p>Blair\n Fields, Bentleigh offers bright, airy and serene living spaces. Well \nconsidered window placement of generous proportions enhance an internal \nplace of rest and rejuvenation. <br/><br/>Luxury touches include: <br/><br/>\u2022 Stainless steel Miele oven, cooktop, rangehood and integrated dishwasher. <br/>\u2022 Blum BLUMOTION soft-close technology.<br/>\u2022 Sleek dark Italian porcelain Storm Negro kitchen countertops and splashback<br/>\u2022 Bathrooms featuring Italian Calcatta Porcelain Slabs by Maxfine<br/>\u2022 Luxurious finishes extend to the laundry with solid stone benchtops.<br/><br/>A choice of two or three bedroom apartments with the highest quality finishes Bentleigh has to offer.<br/><br/>Visit the onsite display suite at 2-4 Blair Street, Bentleigh open Saturday &amp; Sunday 12pm - 3pm  </p>", "address_lotnumber": "4", "address_street": "Blair Street", "address_city": "Bentleigh", "address_state": "Victoria", "address_country": "Australia", "address_zip": 3204, "purchase_mode": 0, "property_type": 1, "price": "25713255.00", "num_baths": 3, "num_beds": 8, "lot_size": "500.000", "floor_area": "465.000", "listed_date": "2016-11-17", "fully_furnished": true, "build_year": 2015}}, {"model": "realestate.listing", "pk": 11, "fields": {"description": "<p>ENTERTAIN IN STYLE, WHILST ENJOY THE PRIVACY OF UPSTAIRS BEDROOMS.</p> <p>Entertain in style, whilst enjoying the privacy of bedrooms located upstairs.<br/><br/>Bijou Camberwell comprises 37 architecturally designed apartments by Fender Katsalidis.<br/><br/>The\n apartments are high-end owner-occupier grade in terms of space and \nspecification, and designed to meet the needs of local down-sizers.</p>", "address_lotnumber": "399", "address_street": "Burke Road", "address_city": "Camberwell", "address_state": "Victoria", "address_country": "Australia", "address_zip": 3124, "purchase_mode": 0, "property_type": 4, "price": "52019000.00", "num_baths": 2, "num_beds": 2, "lot_size": "100.700", "floor_area": "100.700", "listed_date": "2017-11-15", "fully_furnished": true, "build_year": 2014}}, {"model": "realestate.listing", "pk": 12, "fields": {"description": "The\n Woodlands, now selling off the plan. 14 uniquely designed town \nresidences situated in the leafy retreat between Mount Dandenong Road \nand Sunbeam Avenue of Ringwood East. <br/><br/>Stage I of the development \noffers 3 fully turnkey, high quality, double storey townhouses. Choose \nfrom 3 or 4 bedroom configurations, with 2 living areas, double garages,\n and house sizes range from 185 to 192 square metres. <br/><br/>Residents\n of The Woodlands will enjoy living in a prime Ringwood East location, \nsurrounded by an abundance of educational institutions, medical centres,\n sporting facilities, parkland and fantastic shopping. Entry to the \nEastlink is just 3km away, offering a 38 minute, direct route to the \ncentre of Melbourne. <br/><br/>Major shopping hub of Eastland is just 2kms\n away, offering hundreds of speciality stores &amp; eateries, as well as\n cinemas, libraries, fitness centres, children\u2019s play areas, restaurants\n etc.<br/><br/>For those raising a family, The Woodlands is surrounded by \nearly learning centres, through primary, secondary and tertiary \ninstitutes. There is also no shortage of recreational and sporting \nfacilities, with numerous football and cricket grounds, tennis courts, \nathletics grounds and aquatics centres. Ringwood is one of Melbourne\u2019s \ngreenest suburbs and is dotted with parkland, lakes, cycling and running\n paths, and children\u2019s play areas. <br/><br/><p>Register today to secure your new home in The Woodlands.</p>", "address_lotnumber": "97", "address_street": "Mount Dandenong Road", "address_city": "Camberwell", "address_state": "Victoria", "address_country": "Australia", "address_zip": 3501, "purchase_mode": 0, "property_type": 4, "price": "12500000.00", "num_baths": 1, "num_beds": 3, "lot_size": "97.000", "floor_area": "97.000", "listed_date": "2018-05-15", "fully_furnished": true, "build_year": 2014}}, {"model": "realestate.listing", "pk": 13, "fields": {"description": "<p>\"GRAND\" Open SATURDAY at 2:00pm - 2:45pm! A Premium Corner Position With Comfort and Luxury !</p> FIXED D8 SALE: 6/6/2018 (unless sold prior)<br/>This\n beautiful, well loved, warm and peaceful home offers both comfort and \nluxury. The premier location in a quiet court,  multiple living zones \nand separate kitchen with meals area makes this blissful home suitable \nfor both young and mature families. This freshly painted beauty, with \nbrand new quality carpets  accommodates four living areas, a homely \nsolid Tasmanian blackwood kitchen with lovely slate tiles, four bedrooms\n (Master Suite complete with WIR and Ensuite and 2 other bedroom with \nBIR) two superbly renovated bathrooms, remote control garage and \ndownlights, ducted heating and evaporative cooling throughout.<br/><br/>Whether\n you wish to unwind or entertain, stepping outside and finding yourself \nin the blissfully peaceful and generous decking alfresco with a built in\n barbecue and a private solar heated swimming pool, leading to a secret \ngarden will make your experience very enjoyable. The front garden is \nbeautifully manicured, bursting with colour making this family home \nextremely welcoming and pleasant even before you step inside.<br/><br/>All\n this within walking distance to Berwick Lodge Primary School, minutes \nfrom Wilson Botanic Park, Berwick High Street, train station, Westfield \nFountain Gate and Monash Freeway. An inspection is sure to impress!<br/><br/>\"GRAND\" Open SATURDAY at 2:00pm - 2:45pm<br/>Beverages, Snacks, Kids stuff and so much more!<br/><br/>PHOTO ID IS REQUIRED ON ALL INSPECTIONS<br/><br/>\u201cSelling? You\u2019ll be SOLD with our $8,800 Success Fee\u201c", "address_lotnumber": "45", "address_street": "Van der Haar Street", "address_city": "Camberwell", "address_state": "Victoria", "address_country": "Australia", "address_zip": 3602, "purchase_mode": 0, "property_type": 1, "price": "9500000.00", "num_baths": 2, "num_beds": 1, "lot_size": "102.000", "floor_area": "85.000", "listed_date": "2017-12-07", "fully_furnished": true, "build_year": 2011}}, {"model": "realestate.listing", "pk": 14, "fields": {"description": "<p>\"GRAND\" Open SATURDAY at 12:00pm - 12:45pm! Luxurious Living in Cascades on Clyde!</p> FIXED D8 SALE: 4/6/2018 (unless sold prior)<br/>Presented\n FOR SALE is this Stunning 30sq Home situated in the Prestigious \nCascades on Clyde within a short walk to Selendra &amp; Hunt Club shops,\n transport, schools and parks.<br/><br/>- Boasting 4 bedrooms with built \nin robes, grand master bedroom with walk in robe and hotel like ensuite \nwith double basins, study, multiple zone living: formal lounge, open \nplan family and meals, theatre room,  gorgeous kitchen with pendant \nlights and caesar stone benches.<br/>- Features refrigerated cooling, \nducted heating, 900mm stainless steel cooker with rangehood, dishwasher,\n sun shade and block blinds, modern light fittings, floating timber \nfloors, NBN internet, recycled water available.<br/>- Outside you will \nfind a remote control double garage, private covered outdoor area \noverlooking a relaxing water fall/fish tank and on an easy to maintain \n578m2 block.<br/><br/>This much loved home would suit all type of buyers so make sure its on TOP of your list! <br/> <br/>\"GRAND\" Open SATURDAY at 12:00pm - 12:45pm<br/>Beverages, Snacks, Kids stuff and so much more!<br/><br/>PHOTO ID IS REQUIRED ON ALL INSPECTIONS<br/><br/>\u201cSelling? You\u2019ll be SOLD with our $8,800 Success Fee\u201c", "address_lotnumber": "18", "address_street": "Flash Dan Drive", "address_city": "Cranbourne", "address_state": "Victoria", "address_country": "Australia", "address_zip": 3601, "purchase_mode": 0, "property_type": 1, "price": "15750000.00", "num_baths": 1, "num_beds": 3, "lot_size": "85.000", "floor_area": "75.000", "listed_date": "2017-10-26", "fully_furnished": false, "build_year": 2011}}, {"model": "realestate.listingindex", "pk": 8, "fields": {"description": ""}}, {"model": "home.homepage", "pk": 3, "fields": {}}]