[{"model": "realestate.listingbroker", "pk": 1, "fields": {"prop": 9, "broker": 24}}, {"model": "realestate.listingbroker", "pk": 2, "fields": {"prop": 9, "broker": 25}}, {"model": "realestate.listingbroker", "pk": 3, "fields": {"prop": 18, "broker": 26}}, {"model": "realestate.listingbroker", "pk": 4, "fields": {"prop": 16, "broker": 24}}, {"model": "realestate.listingbroker", "pk": 5, "fields": {"prop": 16, "broker": 25}}, {"model": "realestate.listingbroker", "pk": 6, "fields": {"prop": 17, "broker": 24}}, {"model": "realestate.listingbroker", "pk": 7, "fields": {"prop": 15, "broker": 26}}, {"model": "realestate.listingbroker", "pk": 8, "fields": {"prop": 15, "broker": 27}}, {"model": "realestate.listingbroker", "pk": 9, "fields": {"prop": 14, "broker": 26}}, {"model": "realestate.listingbroker", "pk": 10, "fields": {"prop": 14, "broker": 27}}, {"model": "realestate.listingbroker", "pk": 11, "fields": {"prop": 13, "broker": 26}}, {"model": "realestate.listingbroker", "pk": 12, "fields": {"prop": 13, "broker": 27}}, {"model": "realestate.listingbroker", "pk": 13, "fields": {"prop": 12, "broker": 26}}, {"model": "realestate.listingbroker", "pk": 14, "fields": {"prop": 12, "broker": 27}}, {"model": "realestate.listingbroker", "pk": 15, "fields": {"prop": 11, "broker": 24}}, {"model": "realestate.listingtype", "pk": 1, "fields": {"p": 4, "name": "House and Lot"}}, {"model": "realestate.listingtype", "pk": 2, "fields": {"p": 4, "name": "Commercial"}}, {"model": "realestate.listingtype", "pk": 3, "fields": {"p": 4, "name": "Apartment"}}, {"model": "realestate.listingtype", "pk": 4, "fields": {"p": 4, "name": "Condominium"}}, {"model": "realestate.listingtype", "pk": 5, "fields": {"p": 4, "name": "Vacant Land"}}, {"model": "realestate.similarlistings", "pk": 1, "fields": {"fkey": 11, "prop": 9}}, {"model": "realestate.similarlistings", "pk": 2, "fields": {"fkey": 12, "prop": 9}}, {"model": "realestate.similarlistings", "pk": 3, "fields": {"fkey": 12, "prop": 11}}, {"model": "realestate.similarlistings", "pk": 4, "fields": {"fkey": 13, "prop": 11}}, {"model": "realestate.similarlistings", "pk": 5, "fields": {"fkey": 13, "prop": 9}}, {"model": "realestate.similarlistings", "pk": 6, "fields": {"fkey": 13, "prop": 12}}, {"model": "realestate.similarlistings", "pk": 7, "fields": {"fkey": 14, "prop": 9}}, {"model": "realestate.similarlistings", "pk": 8, "fields": {"fkey": 14, "prop": 11}}, {"model": "realestate.similarlistings", "pk": 9, "fields": {"fkey": 14, "prop": 12}}, {"model": "realestate.similarlistings", "pk": 10, "fields": {"fkey": 14, "prop": 13}}, {"model": "realestate.similarlistings", "pk": 11, "fields": {"fkey": 15, "prop": 13}}, {"model": "realestate.similarlistings", "pk": 12, "fields": {"fkey": 15, "prop": 9}}, {"model": "realestate.similarlistings", "pk": 13, "fields": {"fkey": 15, "prop": 12}}, {"model": "realestate.similarlistings", "pk": 14, "fields": {"fkey": 15, "prop": 14}}, {"model": "realestate.similarlistings", "pk": 15, "fields": {"fkey": 16, "prop": 11}}, {"model": "realestate.similarlistings", "pk": 16, "fields": {"fkey": 16, "prop": 13}}, {"model": "realestate.similarlistings", "pk": 17, "fields": {"fkey": 16, "prop": 15}}, {"model": "realestate.similarlistings", "pk": 18, "fields": {"fkey": 16, "prop": 9}}, {"model": "realestate.similarlistings", "pk": 19, "fields": {"fkey": 17, "prop": 9}}, {"model": "realestate.similarlistings", "pk": 20, "fields": {"fkey": 17, "prop": 11}}, {"model": "realestate.similarlistings", "pk": 21, "fields": {"fkey": 17, "prop": 12}}, {"model": "realestate.similarlistings", "pk": 22, "fields": {"fkey": 17, "prop": 13}}, {"model": "realestate.similarlistings", "pk": 23, "fields": {"fkey": 17, "prop": 14}}, {"model": "realestate.similarlistings", "pk": 24, "fields": {"fkey": 18, "prop": 15}}, {"model": "realestate.similarlistings", "pk": 25, "fields": {"fkey": 18, "prop": 14}}, {"model": "realestate.similarlistings", "pk": 26, "fields": {"fkey": 18, "prop": 16}}, {"model": "realestate.similarlistings", "pk": 27, "fields": {"fkey": 18, "prop": 13}}, {"model": "realestate.similarlistings", "pk": 28, "fields": {"fkey": 18, "prop": 9}}, {"model": "realestate.listingfeature", "pk": 1, "fields": {"prop": 9, "value": "Blum BLUMOTION soft-close technology"}}, {"model": "realestate.listingfeature", "pk": 2, "fields": {"prop": 9, "value": "Outdoor entertainment area"}}, {"model": "realestate.listingfeature", "pk": 3, "fields": {"prop": 9, "value": "Stainless steel appliances"}}, {"model": "realestate.listingfeature", "pk": 4, "fields": {"prop": 9, "value": "Spacious floorplans"}}, {"model": "realestate.listingfeature", "pk": 5, "fields": {"prop": 11, "value": "Intercom"}}, {"model": "realestate.listingfeature", "pk": 6, "fields": {"prop": 11, "value": "Floorboards"}}, {"model": "realestate.listingfeature", "pk": 7, "fields": {"prop": 11, "value": "Broadband Internet Available"}}, {"model": "realestate.listingfeature", "pk": 8, "fields": {"prop": 11, "value": "Built-in Wardrobes"}}, {"model": "realestate.listingfeature", "pk": 9, "fields": {"prop": 11, "value": "Dishwasher"}}, {"model": "realestate.listingfeature", "pk": 10, "fields": {"prop": 11, "value": "Split-system Air Conditioning"}}, {"model": "realestate.listingfeature", "pk": 11, "fields": {"prop": 11, "value": "Ducted Heating"}}, {"model": "realestate.listingfeature", "pk": 12, "fields": {"prop": 12, "value": "3 minutes to Eastlink"}}, {"model": "realestate.listingfeature", "pk": 13, "fields": {"prop": 12, "value": "2 km to Eastland shopping hub, cafes and entertain"}}, {"model": "realestate.listingfeature", "pk": 14, "fields": {"prop": 12, "value": "4 mins to new train station and bus transport hub"}}, {"model": "realestate.listingfeature", "pk": 15, "fields": {"prop": 12, "value": "Surrounded by early learning centres, private scho"}}, {"model": "realestate.listingfeature", "pk": 16, "fields": {"prop": 12, "value": "Close to new aquatic centre, parks and numerous re"}}, {"model": "realestate.listingfeature", "pk": 17, "fields": {"prop": 12, "value": "Full turnkey package, no extra to pay"}}, {"model": "realestate.listingfeature", "pk": 18, "fields": {"prop": 13, "value": "Telephone Line"}}, {"model": "realestate.listingfeature", "pk": 19, "fields": {"prop": 13, "value": "Hot and Cold Shower"}}, {"model": "realestate.listingfeature", "pk": 20, "fields": {"prop": 13, "value": "Stainless utensils"}}, {"model": "realestate.listingfeature", "pk": 21, "fields": {"prop": 13, "value": "Neighbor's noisy dogs"}}, {"model": "realestate.listingfeature", "pk": 22, "fields": {"prop": 14, "value": "Pool"}}, {"model": "realestate.listingfeature", "pk": 23, "fields": {"prop": 14, "value": "Telephone Line"}}, {"model": "realestate.listingfeature", "pk": 24, "fields": {"prop": 14, "value": "Broadband Access"}}, {"model": "realestate.listingfeature", "pk": 25, "fields": {"prop": 14, "value": "Hot n' cold shower"}}, {"model": "realestate.listingfeature", "pk": 26, "fields": {"prop": 15, "value": "Spacious Bedrooms with mirrored built-ins"}}, {"model": "realestate.listingfeature", "pk": 27, "fields": {"prop": 15, "value": "Separate Study room"}}, {"model": "realestate.listingfeature", "pk": 28, "fields": {"prop": 15, "value": "Stone benchtops with stainless steel appliances"}}, {"model": "realestate.listingfeature", "pk": 29, "fields": {"prop": 15, "value": "Stylish fully tiled bathroom with Frameless Shower"}}, {"model": "realestate.listingfeature", "pk": 30, "fields": {"prop": 15, "value": "Separate internal laundry"}}, {"model": "realestate.listingfeature", "pk": 31, "fields": {"prop": 15, "value": "Video Security intercom and Ducted a/c"}}, {"model": "realestate.listingfeature", "pk": 32, "fields": {"prop": 15, "value": "Secure building with on site building manager and"}}, {"model": "realestate.listingfeature", "pk": 33, "fields": {"prop": 15, "value": "Roof top terrace for entertainment"}}, {"model": "realestate.listingfeature", "pk": 34, "fields": {"prop": 16, "value": "Landmark Designer"}}, {"model": "realestate.listingfeature", "pk": 35, "fields": {"prop": 16, "value": "Landmark Designer"}}, {"model": "realestate.listingfeature", "pk": 36, "fields": {"prop": 16, "value": "Spectacular 180\u00ba Harbour Views"}}, {"model": "realestate.listingfeature", "pk": 37, "fields": {"prop": 17, "value": "Two generous double bedrooms with balcony access"}}, {"model": "realestate.listingfeature", "pk": 38, "fields": {"prop": 17, "value": "High floor"}}, {"model": "realestate.listingfeature", "pk": 39, "fields": {"prop": 17, "value": "Two modern bathrooms, main bedroom with ensuite"}}, {"model": "realestate.listingfeature", "pk": 40, "fields": {"prop": 17, "value": "Large gas kitchen with granite bench tops"}}, {"model": "realestate.listingfeature", "pk": 41, "fields": {"prop": 17, "value": "Impressive gym, pool, spa, sauna, squash court"}}, {"model": "realestate.listingfeature", "pk": 42, "fields": {"prop": 17, "value": "Games room"}}, {"model": "realestate.listingfeature", "pk": 43, "fields": {"prop": 17, "value": "On-site concierge"}}, {"model": "realestate.listingfeature", "pk": 44, "fields": {"prop": 17, "value": "ducted air-conditioning throughout"}}, {"model": "realestate.listingfeature", "pk": 45, "fields": {"prop": 18, "value": "Intercom"}}, {"model": "realestate.listingfeature", "pk": 46, "fields": {"prop": 18, "value": "Air Conditioning"}}, {"model": "realestate.listingfeature", "pk": 47, "fields": {"prop": 18, "value": "Hot and cold showers"}}, {"model": "realestate.listingimage", "pk": 1, "fields": {"pr2": 9, "image": "uploads/2018/05/13/1.jpg", "description": ""}}, {"model": "realestate.listingimage", "pk": 2, "fields": {"pr2": 9, "image": "uploads/2018/05/13/2.jpg", "description": ""}}, {"model": "realestate.listingimage", "pk": 3, "fields": {"pr2": 9, "image": "uploads/2018/05/13/image3.jpg", "description": ""}}, {"model": "realestate.listingimage", "pk": 4, "fields": {"pr2": 9, "image": "uploads/2018/05/13/image4.jpg", "description": ""}}, {"model": "realestate.listingimage", "pk": 5, "fields": {"pr2": 9, "image": "uploads/2018/05/13/image5.jpg", "description": ""}}, {"model": "realestate.listingimage", "pk": 6, "fields": {"pr2": 9, "image": "uploads/2018/05/13/image6.jpg", "description": ""}}, {"model": "realestate.listingimage", "pk": 7, "fields": {"pr2": 9, "image": "uploads/2018/05/13/image7.jpg", "description": ""}}, {"model": "realestate.listingimage", "pk": 8, "fields": {"pr2": 11, "image": "uploads/2018/05/13/1_tb2eWBq.jpg", "description": "Two assure edward whence the was. Who worthy yet ten boy denote wonder."}}, {"model": "realestate.listingimage", "pk": 9, "fields": {"pr2": 11, "image": "uploads/2018/05/13/2_QdKzU22.jpg", "description": "Weeks views her sight old tears sorry. Additions can suspected its concealed put furnished."}}, {"model": "realestate.listingimage", "pk": 10, "fields": {"pr2": 11, "image": "uploads/2018/05/13/3.jpg", "description": "Met the why particular devonshire decisively considered partiality. Certain it waiting no entered is."}}, {"model": "realestate.listingimage", "pk": 11, "fields": {"pr2": 11, "image": "uploads/2018/05/13/4.jpg", "description": "Passed her indeed uneasy shy polite appear denied. Oh less girl no walk. At he spot with five of view."}}, {"model": "realestate.listingimage", "pk": 12, "fields": {"pr2": 11, "image": "uploads/2018/05/13/5.jpg", "description": ""}}, {"model": "realestate.listingimage", "pk": 13, "fields": {"pr2": 11, "image": "uploads/2018/05/13/5.png", "description": ""}}, {"model": "realestate.listingimage", "pk": 14, "fields": {"pr2": 12, "image": "uploads/2018/05/13/1_EPLEJmf.jpg", "description": ""}}, {"model": "realestate.listingimage", "pk": 15, "fields": {"pr2": 12, "image": "uploads/2018/05/13/2_qMIt9U5.jpg", "description": ""}}, {"model": "realestate.listingimage", "pk": 16, "fields": {"pr2": 12, "image": "uploads/2018/05/13/3_zBBzQqX.jpg", "description": ""}}, {"model": "realestate.listingimage", "pk": 17, "fields": {"pr2": 12, "image": "uploads/2018/05/13/4_9qDhsy2.jpg", "description": ""}}, {"model": "realestate.listingimage", "pk": 18, "fields": {"pr2": 12, "image": "uploads/2018/05/13/5_soeTfyL.jpg", "description": ""}}, {"model": "realestate.listingimage", "pk": 19, "fields": {"pr2": 12, "image": "uploads/2018/05/13/6.jpg", "description": ""}}, {"model": "realestate.listingimage", "pk": 20, "fields": {"pr2": 12, "image": "uploads/2018/05/13/7.jpg", "description": ""}}, {"model": "realestate.listingimage", "pk": 21, "fields": {"pr2": 13, "image": "uploads/2018/05/13/1_OUydj3f.jpg", "description": ""}}, {"model": "realestate.listingimage", "pk": 22, "fields": {"pr2": 13, "image": "uploads/2018/05/13/2_t5QJ1Zm.jpg", "description": ""}}, {"model": "realestate.listingimage", "pk": 23, "fields": {"pr2": 13, "image": "uploads/2018/05/13/2_rvjt3Cq.jpg", "description": ""}}, {"model": "realestate.listingimage", "pk": 24, "fields": {"pr2": 13, "image": "uploads/2018/05/13/3_zDUBmvE.jpg", "description": ""}}, {"model": "realestate.listingimage", "pk": 25, "fields": {"pr2": 13, "image": "uploads/2018/05/13/4_gLR3n08.jpg", "description": ""}}, {"model": "realestate.listingimage", "pk": 26, "fields": {"pr2": 13, "image": "uploads/2018/05/13/5_CxLuAbA.jpg", "description": ""}}, {"model": "realestate.listingimage", "pk": 27, "fields": {"pr2": 13, "image": "uploads/2018/05/13/6_XtyQ75Y.jpg", "description": ""}}, {"model": "realestate.listingimage", "pk": 28, "fields": {"pr2": 13, "image": "uploads/2018/05/13/7_mDiJrAY.jpg", "description": ""}}, {"model": "realestate.listingimage", "pk": 29, "fields": {"pr2": 14, "image": "uploads/2018/05/13/1_7KPc4ho.jpg", "description": ""}}, {"model": "realestate.listingimage", "pk": 30, "fields": {"pr2": 14, "image": "uploads/2018/05/13/2_hBkicb1.jpg", "description": ""}}, {"model": "realestate.listingimage", "pk": 31, "fields": {"pr2": 14, "image": "uploads/2018/05/13/3_1z5Jb9g.jpg", "description": ""}}, {"model": "realestate.listingimage", "pk": 32, "fields": {"pr2": 14, "image": "uploads/2018/05/13/4_jEA8RST.jpg", "description": ""}}, {"model": "realestate.listingimage", "pk": 33, "fields": {"pr2": 14, "image": "uploads/2018/05/13/5_XnTaqz6.jpg", "description": ""}}, {"model": "realestate.listingimage", "pk": 34, "fields": {"pr2": 15, "image": "uploads/2018/05/14/1.jpg", "description": ""}}, {"model": "realestate.listingimage", "pk": 35, "fields": {"pr2": 15, "image": "uploads/2018/05/14/2.jpg", "description": ""}}, {"model": "realestate.listingimage", "pk": 36, "fields": {"pr2": 15, "image": "uploads/2018/05/14/3.jpg", "description": ""}}, {"model": "realestate.listingimage", "pk": 37, "fields": {"pr2": 15, "image": "uploads/2018/05/14/4.jpg", "description": ""}}, {"model": "realestate.listingimage", "pk": 38, "fields": {"pr2": 15, "image": "uploads/2018/05/14/5.png", "description": ""}}, {"model": "realestate.listingimage", "pk": 39, "fields": {"pr2": 16, "image": "uploads/2018/05/14/1_kE7A4Ks.jpg", "description": ""}}, {"model": "realestate.listingimage", "pk": 40, "fields": {"pr2": 16, "image": "uploads/2018/05/14/2_s5ssR9Y.jpg", "description": ""}}, {"model": "realestate.listingimage", "pk": 41, "fields": {"pr2": 16, "image": "uploads/2018/05/14/3_GIcbKQG.jpg", "description": ""}}, {"model": "realestate.listingimage", "pk": 42, "fields": {"pr2": 16, "image": "uploads/2018/05/14/4_nVM6re8.jpg", "description": ""}}, {"model": "realestate.listingimage", "pk": 43, "fields": {"pr2": 16, "image": "uploads/2018/05/14/5.jpg", "description": ""}}, {"model": "realestate.listingimage", "pk": 44, "fields": {"pr2": 17, "image": "uploads/2018/05/14/1_UY2KXU1.jpg", "description": ""}}, {"model": "realestate.listingimage", "pk": 45, "fields": {"pr2": 17, "image": "uploads/2018/05/14/2_hf86D0U.jpg", "description": ""}}, {"model": "realestate.listingimage", "pk": 46, "fields": {"pr2": 17, "image": "uploads/2018/05/14/3_gmD5uip.jpg", "description": ""}}, {"model": "realestate.listingimage", "pk": 47, "fields": {"pr2": 17, "image": "uploads/2018/05/14/4_MyMs2T0.jpg", "description": ""}}, {"model": "realestate.listingimage", "pk": 48, "fields": {"pr2": 17, "image": "uploads/2018/05/14/5_HV4xKlW.jpg", "description": ""}}, {"model": "realestate.listingimage", "pk": 49, "fields": {"pr2": 18, "image": "uploads/2018/05/14/1_CQGX0zS.jpg", "description": ""}}, {"model": "realestate.listingimage", "pk": 50, "fields": {"pr2": 18, "image": "uploads/2018/05/14/2_DAs8nuk.jpg", "description": ""}}, {"model": "realestate.listingimage", "pk": 51, "fields": {"pr2": 18, "image": "uploads/2018/05/14/3_TqldtXk.jpg", "description": ""}}, {"model": "realestate.listingimage", "pk": 52, "fields": {"pr2": 18, "image": "uploads/2018/05/14/4_unaYyA0.jpg", "description": ""}}, {"model": "realestate.catalogitem", "pk": 1, "fields": {"pr2": 6, "prop": 9}}, {"model": "realestate.catalogitem", "pk": 2, "fields": {"pr2": 10, "prop": 9}}, {"model": "realestate.catalogitem", "pk": 3, "fields": {"pr2": 6, "prop": 11}}, {"model": "realestate.catalogitem", "pk": 4, "fields": {"pr2": 6, "prop": 12}}, {"model": "realestate.catalogitem", "pk": 5, "fields": {"pr2": 6, "prop": 13}}, {"model": "realestate.catalogitem", "pk": 6, "fields": {"pr2": 6, "prop": 14}}, {"model": "realestate.catalogitem", "pk": 7, "fields": {"pr2": 6, "prop": 15}}, {"model": "realestate.catalogitem", "pk": 8, "fields": {"pr2": 6, "prop": 16}}, {"model": "realestate.catalogitem", "pk": 9, "fields": {"pr2": 6, "prop": 17}}, {"model": "realestate.catalogitem", "pk": 10, "fields": {"pr2": 6, "prop": 18}}, {"model": "realestate.catalogitem", "pk": 11, "fields": {"pr2": 10, "prop": 18}}, {"model": "realestate.catalogitem", "pk": 12, "fields": {"pr2": 10, "prop": 15}}, {"model": "realestate.catalogitem", "pk": 13, "fields": {"pr2": 10, "prop": 17}}, {"model": "realestate.catalogitem", "pk": 14, "fields": {"pr2": 10, "prop": 11}}, {"model": "realestate.featureditem", "pk": 1, "fields": {"fkey": 6, "prop": 3}}, {"model": "realestate.featureditem", "pk": 2, "fields": {"fkey": 6, "prop": 5}}, {"model": "realestate.featureditem", "pk": 3, "fields": {"fkey": 6, "prop": 10}}, {"model": "realestate.featureditem", "pk": 4, "fields": {"fkey": 6, "prop": 4}}, {"model": "realestate.featureditem", "pk": 5, "fields": {"fkey": 10, "prop": 11}}, {"model": "realestate.featureditem", "pk": 6, "fields": {"fkey": 10, "prop": 12}}, {"model": "realestate.featureditem", "pk": 7, "fields": {"fkey": 6, "prop": 3}}, {"model": "realestate.featureditem", "pk": 8, "fields": {"fkey": 10, "prop": 14}}, {"model": "realestate.brokercontact", "pk": 1, "fields": {"fkey": 24, "contact_number": "1-800-5424248-9"}}, {"model": "realestate.brokercontact", "pk": 2, "fields": {"fkey": 25, "contact_number": "1-800-8425122-2"}}, {"model": "realestate.brokercontact", "pk": 3, "fields": {"fkey": 26, "contact_number": "(08) 8204 1580"}}, {"model": "realestate.brokercontact", "pk": 4, "fields": {"fkey": 26, "contact_number": "(08) 8727 8673"}}, {"model": "realestate.brokercontact", "pk": 5, "fields": {"fkey": 27, "contact_number": "(08) 9652 5426"}}, {"model": "realestate.brokercontact", "pk": 6, "fields": {"fkey": 27, "contact_number": "(08) 5715 87255"}}, {"model": "realestate.brokeragency", "pk": 3, "fields": {"fkey": 20, "agency_name": "Wagtail Realtors Corp."}}, {"model": "realestate.brokeragency", "pk": 4, "fields": {"fkey": 20, "agency_name": "Django House Corp."}}, {"model": "wagtailcore.site", "pk": 2, "fields": {"hostname": "localhost", "port": 80, "site_name": null, "root_page": 3, "is_default_site": true}}, {"model": "wagtailcore.collection", "pk": 1, "fields": {"path": "0001", "depth": 1, "numchild": 0, "name": "Root"}}, {"model": "contenttypes.contenttype", "pk": 1, "fields": {"app_label": "wagtailcore", "model": "page"}}, {"model": "contenttypes.contenttype", "pk": 2, "fields": {"app_label": "home", "model": "homepage"}}, {"model": "contenttypes.contenttype", "pk": 3, "fields": {"app_label": "wagtailadmin", "model": "admin"}}, {"model": "contenttypes.contenttype", "pk": 4, "fields": {"app_label": "wagtaildocs", "model": "document"}}, {"model": "contenttypes.contenttype", "pk": 5, "fields": {"app_label": "wagtailimages", "model": "image"}}, {"model": "contenttypes.contenttype", "pk": 6, "fields": {"app_label": "realestate", "model": "listingimage"}}, {"model": "contenttypes.contenttype", "pk": 7, "fields": {"app_label": "realestate", "model": "listingtype"}}, {"model": "contenttypes.contenttype", "pk": 8, "fields": {"app_label": "realestate", "model": "similarlistings"}}, {"model": "contenttypes.contenttype", "pk": 9, "fields": {"app_label": "realestate", "model": "catalogitem"}}, {"model": "contenttypes.contenttype", "pk": 10, "fields": {"app_label": "realestate", "model": "featureditem"}}, {"model": "contenttypes.contenttype", "pk": 11, "fields": {"app_label": "realestate", "model": "listingindex"}}, {"model": "contenttypes.contenttype", "pk": 12, "fields": {"app_label": "realestate", "model": "listingfeature"}}, {"model": "contenttypes.contenttype", "pk": 13, "fields": {"app_label": "realestate", "model": "catalogindex"}}, {"model": "contenttypes.contenttype", "pk": 14, "fields": {"app_label": "realestate", "model": "listingtypeindex"}}, {"model": "contenttypes.contenttype", "pk": 15, "fields": {"app_label": "realestate", "model": "listing"}}, {"model": "contenttypes.contenttype", "pk": 16, "fields": {"app_label": "realestate", "model": "catalog"}}, {"model": "contenttypes.contenttype", "pk": 17, "fields": {"app_label": "wagtailforms", "model": "formsubmission"}}, {"model": "contenttypes.contenttype", "pk": 18, "fields": {"app_label": "wagtailredirects", "model": "redirect"}}, {"model": "contenttypes.contenttype", "pk": 19, "fields": {"app_label": "wagtailembeds", "model": "embed"}}, {"model": "contenttypes.contenttype", "pk": 20, "fields": {"app_label": "wagtailusers", "model": "userprofile"}}, {"model": "contenttypes.contenttype", "pk": 21, "fields": {"app_label": "wagtailimages", "model": "rendition"}}, {"model": "contenttypes.contenttype", "pk": 22, "fields": {"app_label": "wagtailsearch", "model": "query"}}, {"model": "contenttypes.contenttype", "pk": 23, "fields": {"app_label": "wagtailsearch", "model": "querydailyhits"}}, {"model": "contenttypes.contenttype", "pk": 24, "fields": {"app_label": "wagtailcore", "model": "grouppagepermission"}}, {"model": "contenttypes.contenttype", "pk": 25, "fields": {"app_label": "wagtailcore", "model": "groupcollectionpermission"}}, {"model": "contenttypes.contenttype", "pk": 26, "fields": {"app_label": "wagtailcore", "model": "pageviewrestriction"}}, {"model": "contenttypes.contenttype", "pk": 27, "fields": {"app_label": "wagtailcore", "model": "collectionviewrestriction"}}, {"model": "contenttypes.contenttype", "pk": 28, "fields": {"app_label": "wagtailcore", "model": "site"}}, {"model": "contenttypes.contenttype", "pk": 29, "fields": {"app_label": "wagtailcore", "model": "collection"}}, {"model": "contenttypes.contenttype", "pk": 30, "fields": {"app_label": "wagtailcore", "model": "pagerevision"}}, {"model": "contenttypes.contenttype", "pk": 31, "fields": {"app_label": "taggit", "model": "taggeditem"}}, {"model": "contenttypes.contenttype", "pk": 32, "fields": {"app_label": "taggit", "model": "tag"}}, {"model": "contenttypes.contenttype", "pk": 33, "fields": {"app_label": "admin", "model": "logentry"}}, {"model": "contenttypes.contenttype", "pk": 34, "fields": {"app_label": "auth", "model": "group"}}, {"model": "contenttypes.contenttype", "pk": 35, "fields": {"app_label": "auth", "model": "permission"}}, {"model": "contenttypes.contenttype", "pk": 36, "fields": {"app_label": "auth", "model": "user"}}, {"model": "contenttypes.contenttype", "pk": 37, "fields": {"app_label": "contenttypes", "model": "contenttype"}}, {"model": "contenttypes.contenttype", "pk": 38, "fields": {"app_label": "sessions", "model": "session"}}, {"model": "contenttypes.contenttype", "pk": 39, "fields": {"app_label": "realestate", "model": "brokercontact"}}, {"model": "contenttypes.contenttype", "pk": 40, "fields": {"app_label": "realestate", "model": "brokeragency"}}, {"model": "contenttypes.contenttype", "pk": 41, "fields": {"app_label": "realestate", "model": "brokerindex"}}, {"model": "contenttypes.contenttype", "pk": 42, "fields": {"app_label": "realestate", "model": "broker"}}, {"model": "contenttypes.contenttype", "pk": 43, "fields": {"app_label": "realestate", "model": "brokeragencyindex"}}, {"model": "contenttypes.contenttype", "pk": 44, "fields": {"app_label": "realestate", "model": "listingbroker"}}, {"model": "sessions.session", "pk": "22va168yufm0jg18t3vupbdk6l3c4siz", "fields": {"session_data": "OTZiYjYzOGQ4NWUyNDM5ZTkyNDg4ZjdiNjBjYmM2MWRiZWQ3ZjY3OTp7Il9hdXRoX3VzZXJfaGFzaCI6ImMwZDFlOWM4NWU4YjE4MzJiNmQ1MzM4MzJmM2ZjOThjMWViNmZjOTIiLCJfYXV0aF91c2VyX2JhY2tlbmQiOiJkamFuZ28uY29udHJpYi5hdXRoLmJhY2tlbmRzLk1vZGVsQmFja2VuZCIsIl9hdXRoX3VzZXJfaWQiOiIyIn0=", "expire_date": "2018-05-27T11:21:49.345Z"}}, {"model": "sessions.session", "pk": "ificws3lgxgzzbne211hc8e4mjhi7809", "fields": {"session_data": "OTE3ODMwYTgwYTE4ZTU2NDY3ZjVjODZkZDcwNTUxMGU1ODhmNGMwZDp7Il9hdXRoX3VzZXJfaGFzaCI6IjJmNGU2OTQ1NDFhOGUzMTJhMzY3OTg1MDJhYWMxOWI4ZjZkM2FlOTciLCJfYXV0aF91c2VyX2JhY2tlbmQiOiJkamFuZ28uY29udHJpYi5hdXRoLmJhY2tlbmRzLk1vZGVsQmFja2VuZCIsIl9hdXRoX3VzZXJfaWQiOiIxIn0=", "expire_date": "2018-05-27T09:26:23.170Z"}}, {"model": "sessions.session", "pk": "o8eaqagwlayjyso54ol1zwn6v4k7ig2m", "fields": {"session_data": "ZGI4YTA4N2NiYzcxMGVhOWE2NTM1NjhhY2ZhNTk5NzZjNGUyZTFmNTp7Il9hdXRoX3VzZXJfaGFzaCI6IjA1YjgwZDA5ZGEzNDVhMGFmNGEzOTcxNGUxNTI5NWVjZDFiZDBiZDAiLCJfYXV0aF91c2VyX2JhY2tlbmQiOiJkamFuZ28uY29udHJpYi5hdXRoLmJhY2tlbmRzLk1vZGVsQmFja2VuZCIsIl9hdXRoX3VzZXJfaWQiOiIzIn0=", "expire_date": "2018-05-28T09:18:16.105Z"}}, {"model": "auth.permission", "pk": 1, "fields": {"name": "Can access Wagtail admin", "content_type": 3, "codename": "access_admin"}}, {"model": "auth.permission", "pk": 2, "fields": {"name": "Can add document", "content_type": 4, "codename": "add_document"}}, {"model": "auth.permission", "pk": 3, "fields": {"name": "Can change document", "content_type": 4, "codename": "change_document"}}, {"model": "auth.permission", "pk": 4, "fields": {"name": "Can delete document", "content_type": 4, "codename": "delete_document"}}, {"model": "auth.permission", "pk": 5, "fields": {"name": "Can add image", "content_type": 5, "codename": "add_image"}}, {"model": "auth.permission", "pk": 6, "fields": {"name": "Can change image", "content_type": 5, "codename": "change_image"}}, {"model": "auth.permission", "pk": 7, "fields": {"name": "Can delete image", "content_type": 5, "codename": "delete_image"}}, {"model": "auth.permission", "pk": 8, "fields": {"name": "Can add home page", "content_type": 2, "codename": "add_homepage"}}, {"model": "auth.permission", "pk": 9, "fields": {"name": "Can change home page", "content_type": 2, "codename": "change_homepage"}}, {"model": "auth.permission", "pk": 10, "fields": {"name": "Can delete home page", "content_type": 2, "codename": "delete_homepage"}}, {"model": "auth.permission", "pk": 11, "fields": {"name": "Can add listing image", "content_type": 6, "codename": "add_listingimage"}}, {"model": "auth.permission", "pk": 12, "fields": {"name": "Can change listing image", "content_type": 6, "codename": "change_listingimage"}}, {"model": "auth.permission", "pk": 13, "fields": {"name": "Can delete listing image", "content_type": 6, "codename": "delete_listingimage"}}, {"model": "auth.permission", "pk": 14, "fields": {"name": "Can add listing type", "content_type": 7, "codename": "add_listingtype"}}, {"model": "auth.permission", "pk": 15, "fields": {"name": "Can change listing type", "content_type": 7, "codename": "change_listingtype"}}, {"model": "auth.permission", "pk": 16, "fields": {"name": "Can delete listing type", "content_type": 7, "codename": "delete_listingtype"}}, {"model": "auth.permission", "pk": 17, "fields": {"name": "Can add similar listings", "content_type": 8, "codename": "add_similarlistings"}}, {"model": "auth.permission", "pk": 18, "fields": {"name": "Can change similar listings", "content_type": 8, "codename": "change_similarlistings"}}, {"model": "auth.permission", "pk": 19, "fields": {"name": "Can delete similar listings", "content_type": 8, "codename": "delete_similarlistings"}}, {"model": "auth.permission", "pk": 20, "fields": {"name": "Can add catalog item", "content_type": 9, "codename": "add_catalogitem"}}, {"model": "auth.permission", "pk": 21, "fields": {"name": "Can change catalog item", "content_type": 9, "codename": "change_catalogitem"}}, {"model": "auth.permission", "pk": 22, "fields": {"name": "Can delete catalog item", "content_type": 9, "codename": "delete_catalogitem"}}, {"model": "auth.permission", "pk": 23, "fields": {"name": "Can add featured item", "content_type": 10, "codename": "add_featureditem"}}, {"model": "auth.permission", "pk": 24, "fields": {"name": "Can change featured item", "content_type": 10, "codename": "change_featureditem"}}, {"model": "auth.permission", "pk": 25, "fields": {"name": "Can delete featured item", "content_type": 10, "codename": "delete_featureditem"}}, {"model": "auth.permission", "pk": 26, "fields": {"name": "Can add listing index", "content_type": 11, "codename": "add_listingindex"}}, {"model": "auth.permission", "pk": 27, "fields": {"name": "Can change listing index", "content_type": 11, "codename": "change_listingindex"}}, {"model": "auth.permission", "pk": 28, "fields": {"name": "Can delete listing index", "content_type": 11, "codename": "delete_listingindex"}}, {"model": "auth.permission", "pk": 29, "fields": {"name": "Can add listing feature", "content_type": 12, "codename": "add_listingfeature"}}, {"model": "auth.permission", "pk": 30, "fields": {"name": "Can change listing feature", "content_type": 12, "codename": "change_listingfeature"}}, {"model": "auth.permission", "pk": 31, "fields": {"name": "Can delete listing feature", "content_type": 12, "codename": "delete_listingfeature"}}, {"model": "auth.permission", "pk": 32, "fields": {"name": "Can add catalog index", "content_type": 13, "codename": "add_catalogindex"}}, {"model": "auth.permission", "pk": 33, "fields": {"name": "Can change catalog index", "content_type": 13, "codename": "change_catalogindex"}}, {"model": "auth.permission", "pk": 34, "fields": {"name": "Can delete catalog index", "content_type": 13, "codename": "delete_catalogindex"}}, {"model": "auth.permission", "pk": 35, "fields": {"name": "Can add listing type index", "content_type": 14, "codename": "add_listingtypeindex"}}, {"model": "auth.permission", "pk": 36, "fields": {"name": "Can change listing type index", "content_type": 14, "codename": "change_listingtypeindex"}}, {"model": "auth.permission", "pk": 37, "fields": {"name": "Can delete listing type index", "content_type": 14, "codename": "delete_listingtypeindex"}}, {"model": "auth.permission", "pk": 38, "fields": {"name": "Can add listing", "content_type": 15, "codename": "add_listing"}}, {"model": "auth.permission", "pk": 39, "fields": {"name": "Can change listing", "content_type": 15, "codename": "change_listing"}}, {"model": "auth.permission", "pk": 40, "fields": {"name": "Can delete listing", "content_type": 15, "codename": "delete_listing"}}, {"model": "auth.permission", "pk": 41, "fields": {"name": "Can add catalog", "content_type": 16, "codename": "add_catalog"}}, {"model": "auth.permission", "pk": 42, "fields": {"name": "Can change catalog", "content_type": 16, "codename": "change_catalog"}}, {"model": "auth.permission", "pk": 43, "fields": {"name": "Can delete catalog", "content_type": 16, "codename": "delete_catalog"}}, {"model": "auth.permission", "pk": 44, "fields": {"name": "Can add form submission", "content_type": 17, "codename": "add_formsubmission"}}, {"model": "auth.permission", "pk": 45, "fields": {"name": "Can change form submission", "content_type": 17, "codename": "change_formsubmission"}}, {"model": "auth.permission", "pk": 46, "fields": {"name": "Can delete form submission", "content_type": 17, "codename": "delete_formsubmission"}}, {"model": "auth.permission", "pk": 47, "fields": {"name": "Can add redirect", "content_type": 18, "codename": "add_redirect"}}, {"model": "auth.permission", "pk": 48, "fields": {"name": "Can change redirect", "content_type": 18, "codename": "change_redirect"}}, {"model": "auth.permission", "pk": 49, "fields": {"name": "Can delete redirect", "content_type": 18, "codename": "delete_redirect"}}, {"model": "auth.permission", "pk": 50, "fields": {"name": "Can add embed", "content_type": 19, "codename": "add_embed"}}, {"model": "auth.permission", "pk": 51, "fields": {"name": "Can change embed", "content_type": 19, "codename": "change_embed"}}, {"model": "auth.permission", "pk": 52, "fields": {"name": "Can delete embed", "content_type": 19, "codename": "delete_embed"}}, {"model": "auth.permission", "pk": 53, "fields": {"name": "Can add user profile", "content_type": 20, "codename": "add_userprofile"}}, {"model": "auth.permission", "pk": 54, "fields": {"name": "Can change user profile", "content_type": 20, "codename": "change_userprofile"}}, {"model": "auth.permission", "pk": 55, "fields": {"name": "Can delete user profile", "content_type": 20, "codename": "delete_userprofile"}}, {"model": "auth.permission", "pk": 56, "fields": {"name": "Can add rendition", "content_type": 21, "codename": "add_rendition"}}, {"model": "auth.permission", "pk": 57, "fields": {"name": "Can change rendition", "content_type": 21, "codename": "change_rendition"}}, {"model": "auth.permission", "pk": 58, "fields": {"name": "Can delete rendition", "content_type": 21, "codename": "delete_rendition"}}, {"model": "auth.permission", "pk": 59, "fields": {"name": "Can add query", "content_type": 22, "codename": "add_query"}}, {"model": "auth.permission", "pk": 60, "fields": {"name": "Can change query", "content_type": 22, "codename": "change_query"}}, {"model": "auth.permission", "pk": 61, "fields": {"name": "Can delete query", "content_type": 22, "codename": "delete_query"}}, {"model": "auth.permission", "pk": 62, "fields": {"name": "Can add Query Daily Hits", "content_type": 23, "codename": "add_querydailyhits"}}, {"model": "auth.permission", "pk": 63, "fields": {"name": "Can change Query Daily Hits", "content_type": 23, "codename": "change_querydailyhits"}}, {"model": "auth.permission", "pk": 64, "fields": {"name": "Can delete Query Daily Hits", "content_type": 23, "codename": "delete_querydailyhits"}}, {"model": "auth.permission", "pk": 65, "fields": {"name": "Can add group page permission", "content_type": 24, "codename": "add_grouppagepermission"}}, {"model": "auth.permission", "pk": 66, "fields": {"name": "Can change group page permission", "content_type": 24, "codename": "change_grouppagepermission"}}, {"model": "auth.permission", "pk": 67, "fields": {"name": "Can delete group page permission", "content_type": 24, "codename": "delete_grouppagepermission"}}, {"model": "auth.permission", "pk": 68, "fields": {"name": "Can add group collection permission", "content_type": 25, "codename": "add_groupcollectionpermission"}}, {"model": "auth.permission", "pk": 69, "fields": {"name": "Can change group collection permission", "content_type": 25, "codename": "change_groupcollectionpermission"}}, {"model": "auth.permission", "pk": 70, "fields": {"name": "Can delete group collection permission", "content_type": 25, "codename": "delete_groupcollectionpermission"}}, {"model": "auth.permission", "pk": 71, "fields": {"name": "Can add page view restriction", "content_type": 26, "codename": "add_pageviewrestriction"}}, {"model": "auth.permission", "pk": 72, "fields": {"name": "Can change page view restriction", "content_type": 26, "codename": "change_pageviewrestriction"}}, {"model": "auth.permission", "pk": 73, "fields": {"name": "Can delete page view restriction", "content_type": 26, "codename": "delete_pageviewrestriction"}}, {"model": "auth.permission", "pk": 74, "fields": {"name": "Can add collection view restriction", "content_type": 27, "codename": "add_collectionviewrestriction"}}, {"model": "auth.permission", "pk": 75, "fields": {"name": "Can change collection view restriction", "content_type": 27, "codename": "change_collectionviewrestriction"}}, {"model": "auth.permission", "pk": 76, "fields": {"name": "Can delete collection view restriction", "content_type": 27, "codename": "delete_collectionviewrestriction"}}, {"model": "auth.permission", "pk": 77, "fields": {"name": "Can add site", "content_type": 28, "codename": "add_site"}}, {"model": "auth.permission", "pk": 78, "fields": {"name": "Can change site", "content_type": 28, "codename": "change_site"}}, {"model": "auth.permission", "pk": 79, "fields": {"name": "Can delete site", "content_type": 28, "codename": "delete_site"}}, {"model": "auth.permission", "pk": 80, "fields": {"name": "Can add page", "content_type": 1, "codename": "add_page"}}, {"model": "auth.permission", "pk": 81, "fields": {"name": "Can change page", "content_type": 1, "codename": "change_page"}}, {"model": "auth.permission", "pk": 82, "fields": {"name": "Can delete page", "content_type": 1, "codename": "delete_page"}}, {"model": "auth.permission", "pk": 83, "fields": {"name": "Can add collection", "content_type": 29, "codename": "add_collection"}}, {"model": "auth.permission", "pk": 84, "fields": {"name": "Can change collection", "content_type": 29, "codename": "change_collection"}}, {"model": "auth.permission", "pk": 85, "fields": {"name": "Can delete collection", "content_type": 29, "codename": "delete_collection"}}, {"model": "auth.permission", "pk": 86, "fields": {"name": "Can add page revision", "content_type": 30, "codename": "add_pagerevision"}}, {"model": "auth.permission", "pk": 87, "fields": {"name": "Can change page revision", "content_type": 30, "codename": "change_pagerevision"}}, {"model": "auth.permission", "pk": 88, "fields": {"name": "Can delete page revision", "content_type": 30, "codename": "delete_pagerevision"}}, {"model": "auth.permission", "pk": 89, "fields": {"name": "Can add Tagged Item", "content_type": 31, "codename": "add_taggeditem"}}, {"model": "auth.permission", "pk": 90, "fields": {"name": "Can change Tagged Item", "content_type": 31, "codename": "change_taggeditem"}}, {"model": "auth.permission", "pk": 91, "fields": {"name": "Can delete Tagged Item", "content_type": 31, "codename": "delete_taggeditem"}}, {"model": "auth.permission", "pk": 92, "fields": {"name": "Can add Tag", "content_type": 32, "codename": "add_tag"}}, {"model": "auth.permission", "pk": 93, "fields": {"name": "Can change Tag", "content_type": 32, "codename": "change_tag"}}, {"model": "auth.permission", "pk": 94, "fields": {"name": "Can delete Tag", "content_type": 32, "codename": "delete_tag"}}, {"model": "auth.permission", "pk": 95, "fields": {"name": "Can add log entry", "content_type": 33, "codename": "add_logentry"}}, {"model": "auth.permission", "pk": 96, "fields": {"name": "Can change log entry", "content_type": 33, "codename": "change_logentry"}}, {"model": "auth.permission", "pk": 97, "fields": {"name": "Can delete log entry", "content_type": 33, "codename": "delete_logentry"}}, {"model": "auth.permission", "pk": 98, "fields": {"name": "Can add group", "content_type": 34, "codename": "add_group"}}, {"model": "auth.permission", "pk": 99, "fields": {"name": "Can change group", "content_type": 34, "codename": "change_group"}}, {"model": "auth.permission", "pk": 100, "fields": {"name": "Can delete group", "content_type": 34, "codename": "delete_group"}}, {"model": "auth.permission", "pk": 101, "fields": {"name": "Can add permission", "content_type": 35, "codename": "add_permission"}}, {"model": "auth.permission", "pk": 102, "fields": {"name": "Can change permission", "content_type": 35, "codename": "change_permission"}}, {"model": "auth.permission", "pk": 103, "fields": {"name": "Can delete permission", "content_type": 35, "codename": "delete_permission"}}, {"model": "auth.permission", "pk": 104, "fields": {"name": "Can add user", "content_type": 36, "codename": "add_user"}}, {"model": "auth.permission", "pk": 105, "fields": {"name": "Can change user", "content_type": 36, "codename": "change_user"}}, {"model": "auth.permission", "pk": 106, "fields": {"name": "Can delete user", "content_type": 36, "codename": "delete_user"}}, {"model": "auth.permission", "pk": 107, "fields": {"name": "Can add content type", "content_type": 37, "codename": "add_contenttype"}}, {"model": "auth.permission", "pk": 108, "fields": {"name": "Can change content type", "content_type": 37, "codename": "change_contenttype"}}, {"model": "auth.permission", "pk": 109, "fields": {"name": "Can delete content type", "content_type": 37, "codename": "delete_contenttype"}}, {"model": "auth.permission", "pk": 110, "fields": {"name": "Can add session", "content_type": 38, "codename": "add_session"}}, {"model": "auth.permission", "pk": 111, "fields": {"name": "Can change session", "content_type": 38, "codename": "change_session"}}, {"model": "auth.permission", "pk": 112, "fields": {"name": "Can delete session", "content_type": 38, "codename": "delete_session"}}, {"model": "auth.permission", "pk": 113, "fields": {"name": "Can add broker contact", "content_type": 39, "codename": "add_brokercontact"}}, {"model": "auth.permission", "pk": 114, "fields": {"name": "Can change broker contact", "content_type": 39, "codename": "change_brokercontact"}}, {"model": "auth.permission", "pk": 115, "fields": {"name": "Can delete broker contact", "content_type": 39, "codename": "delete_brokercontact"}}, {"model": "auth.permission", "pk": 116, "fields": {"name": "Can add broker agency", "content_type": 40, "codename": "add_brokeragency"}}, {"model": "auth.permission", "pk": 117, "fields": {"name": "Can change broker agency", "content_type": 40, "codename": "change_brokeragency"}}, {"model": "auth.permission", "pk": 118, "fields": {"name": "Can delete broker agency", "content_type": 40, "codename": "delete_brokeragency"}}, {"model": "auth.permission", "pk": 119, "fields": {"name": "Can add broker index", "content_type": 41, "codename": "add_brokerindex"}}, {"model": "auth.permission", "pk": 120, "fields": {"name": "Can change broker index", "content_type": 41, "codename": "change_brokerindex"}}, {"model": "auth.permission", "pk": 121, "fields": {"name": "Can delete broker index", "content_type": 41, "codename": "delete_brokerindex"}}, {"model": "auth.permission", "pk": 122, "fields": {"name": "Can add broker", "content_type": 42, "codename": "add_broker"}}, {"model": "auth.permission", "pk": 123, "fields": {"name": "Can change broker", "content_type": 42, "codename": "change_broker"}}, {"model": "auth.permission", "pk": 124, "fields": {"name": "Can delete broker", "content_type": 42, "codename": "delete_broker"}}, {"model": "auth.permission", "pk": 125, "fields": {"name": "Can add broker agency index", "content_type": 43, "codename": "add_brokeragencyindex"}}, {"model": "auth.permission", "pk": 126, "fields": {"name": "Can change broker agency index", "content_type": 43, "codename": "change_brokeragencyindex"}}, {"model": "auth.permission", "pk": 127, "fields": {"name": "Can delete broker agency index", "content_type": 43, "codename": "delete_brokeragencyindex"}}, {"model": "auth.permission", "pk": 128, "fields": {"name": "Can add listing broker", "content_type": 44, "codename": "add_listingbroker"}}, {"model": "auth.permission", "pk": 129, "fields": {"name": "Can change listing broker", "content_type": 44, "codename": "change_listingbroker"}}, {"model": "auth.permission", "pk": 130, "fields": {"name": "Can delete listing broker", "content_type": 44, "codename": "delete_listingbroker"}}, {"model": "auth.group", "pk": 1, "fields": {"name": "Moderators", "permissions": [1, 2, 3, 4, 5, 6, 7]}}, {"model": "auth.group", "pk": 2, "fields": {"name": "Editors", "permissions": [1, 2, 3, 4, 5, 6, 7]}}, {"model": "auth.user", "pk": 1, "fields": {"password": "pbkdf2_sha256$36000$uxENF6AoBEzq$fKT40D8O1vbr9hWAbR6FqtgtajiDsn0YDDumRFrLaec=", "last_login": "2018-05-13T09:26:23Z", "is_superuser": true, "username": "root", "first_name": "", "last_name": "", "email": "root@root.org", "is_staff": true, "is_active": true, "date_joined": "2018-05-13T09:25:37.639Z", "groups": [], "user_permissions": []}}, {"model": "auth.user", "pk": 2, "fields": {"password": "pbkdf2_sha256$36000$fQ49APJJo30d$99cc2Q8ZX27rr6gHO8kA9Q4aoa95tutTNK6cg2tpWuE=", "last_login": "2018-05-13T11:21:49.236Z", "is_superuser": true, "username": "ajpasigado", "first_name": "", "last_name": "", "email": "", "is_staff": true, "is_active": true, "date_joined": "2018-05-13T11:21:37.694Z", "groups": [], "user_permissions": []}}, {"model": "auth.user", "pk": 3, "fields": {"password": "pbkdf2_sha256$36000$0D4UYsEbdMNx$BQOTqoVxQzuAnEtbhP8yrp3Ik3H3wF8oxwYGodI6Ijo=", "last_login": "2018-05-14T09:18:15.974Z", "is_superuser": true, "username": "admin", "first_name": "", "last_name": "", "email": "admin@example.org", "is_staff": true, "is_active": true, "date_joined": "2018-05-14T09:18:09.100Z", "groups": [], "user_permissions": []}}, {"model": "wagtailcore.groupcollectionpermission", "pk": 1, "fields": {"group": 2, "collection": 1, "permission": 2}}, {"model": "wagtailcore.groupcollectionpermission", "pk": 2, "fields": {"group": 1, "collection": 1, "permission": 2}}, {"model": "wagtailcore.groupcollectionpermission", "pk": 3, "fields": {"group": 2, "collection": 1, "permission": 3}}, {"model": "wagtailcore.groupcollectionpermission", "pk": 4, "fields": {"group": 1, "collection": 1, "permission": 3}}, {"model": "wagtailcore.groupcollectionpermission", "pk": 5, "fields": {"group": 2, "collection": 1, "permission": 5}}, {"model": "wagtailcore.groupcollectionpermission", "pk": 6, "fields": {"group": 1, "collection": 1, "permission": 5}}, {"model": "wagtailcore.groupcollectionpermission", "pk": 7, "fields": {"group": 2, "collection": 1, "permission": 6}}, {"model": "wagtailcore.groupcollectionpermission", "pk": 8, "fields": {"group": 1, "collection": 1, "permission": 6}}, {"model": "wagtailcore.grouppagepermission", "pk": 1, "fields": {"group": 1, "page": 1, "permission_type": "add"}}, {"model": "wagtailcore.grouppagepermission", "pk": 2, "fields": {"group": 1, "page": 1, "permission_type": "edit"}}, {"model": "wagtailcore.grouppagepermission", "pk": 3, "fields": {"group": 1, "page": 1, "permission_type": "publish"}}, {"model": "wagtailcore.grouppagepermission", "pk": 4, "fields": {"group": 2, "page": 1, "permission_type": "add"}}, {"model": "wagtailcore.grouppagepermission", "pk": 5, "fields": {"group": 2, "page": 1, "permission_type": "edit"}}, {"model": "wagtailcore.grouppagepermission", "pk": 6, "fields": {"group": 1, "page": 1, "permission_type": "lock"}}, {"model": "wagtailcore.pagerevision", "pk": 1, "fields": {"page": 4, "submitted_for_moderation": false, "created_at": "2018-05-13T09:33:13.972Z", "user": 1, "content_json": "{\"search_description\": \"\", \"owner\": 1, \"latest_revision_created_at\": null, \"go_live_at\": null, \"title\": \"Listing Type Index\", \"seo_title\": \"\", \"draft_title\": \"Listing Type Index\", \"live\": true, \"last_published_at\": null, \"has_unpublished_changes\": false, \"listing_types\": [{\"pk\": 1, \"name\": \"House and Lot\", \"p\": 4}, {\"pk\": 2, \"name\": \"Commercial\", \"p\": 4}, {\"pk\": 3, \"name\": \"Apartment\", \"p\": 4}, {\"pk\": 4, \"name\": \"Condominium\", \"p\": 4}, {\"pk\": 5, \"name\": \"Vacant Land\", \"p\": 4}], \"numchild\": 0, \"content_type\": 14, \"show_in_menus\": false, \"path\": \"000100010001\", \"url_path\": \"/home/list-type-index/\", \"expired\": false, \"slug\": \"list-type-index\", \"locked\": false, \"pk\": 4, \"depth\": 3, \"first_published_at\": null, \"expire_at\": null, \"live_revision\": null}", "approved_go_live_at": null}}, {"model": "wagtailcore.pagerevision", "pk": 2, "fields": {"page": 5, "submitted_for_moderation": false, "created_at": "2018-05-13T09:33:48.206Z", "user": 1, "content_json": "{\"search_description\": \"\", \"owner\": 1, \"latest_revision_created_at\": null, \"go_live_at\": null, \"title\": \"Catalog Index\", \"seo_title\": \"\", \"draft_title\": \"Catalog Index\", \"live\": true, \"last_published_at\": null, \"has_unpublished_changes\": false, \"numchild\": 0, \"content_type\": 13, \"show_in_menus\": false, \"path\": \"000100010002\", \"url_path\": \"/home/catalog-index/\", \"expired\": false, \"slug\": \"catalog-index\", \"locked\": false, \"pk\": 5, \"depth\": 3, \"first_published_at\": null, \"expire_at\": null, \"live_revision\": null}", "approved_go_live_at": null}}, {"model": "wagtailcore.pagerevision", "pk": 3, "fields": {"page": 5, "submitted_for_moderation": false, "created_at": "2018-05-13T09:34:02.914Z", "user": 1, "content_json": "{\"search_description\": \"\", \"owner\": 1, \"latest_revision_created_at\": \"2018-05-13T09:33:48.206Z\", \"go_live_at\": null, \"title\": \"Catalog Index\", \"seo_title\": \"\", \"draft_title\": \"Catalog Index\", \"live\": true, \"last_published_at\": \"2018-05-13T09:33:49.019Z\", \"has_unpublished_changes\": false, \"numchild\": 0, \"content_type\": 13, \"show_in_menus\": false, \"path\": \"000100010002\", \"url_path\": \"/home/catalog-index/\", \"expired\": false, \"slug\": \"catalog\", \"locked\": false, \"pk\": 5, \"depth\": 3, \"first_published_at\": \"2018-05-13T09:33:49.019Z\", \"expire_at\": null, \"live_revision\": 2}", "approved_go_live_at": null}}, {"model": "wagtailcore.pagerevision", "pk": 4, "fields": {"page": 6, "submitted_for_moderation": false, "created_at": "2018-05-13T09:35:26.634Z", "user": 1, "content_json": "{\"search_description\": \"\", \"owner\": 1, \"featured\": [], \"latest_revision_created_at\": null, \"go_live_at\": null, \"title\": \"For Sale\", \"seo_title\": \"\", \"draft_title\": \"For Sale\", \"live\": true, \"last_published_at\": null, \"has_unpublished_changes\": false, \"description\": \"Properties that are for sale.\", \"numchild\": 0, \"content_type\": 16, \"show_in_menus\": false, \"path\": \"0001000100020001\", \"url_path\": \"/home/catalog/for-sale/\", \"expired\": false, \"slug\": \"for-sale\", \"locked\": false, \"name\": \"For Sale\", \"pk\": 6, \"items\": [], \"depth\": 4, \"first_published_at\": null, \"expire_at\": null, \"live_revision\": null}", "approved_go_live_at": null}}, {"model": "wagtailcore.pagerevision", "pk": 5, "fields": {"page": 7, "submitted_for_moderation": false, "created_at": "2018-05-13T09:35:59.934Z", "user": 1, "content_json": "{\"search_description\": \"\", \"owner\": 1, \"featured\": [], \"latest_revision_created_at\": null, \"go_live_at\": null, \"title\": \"For Rent\", \"seo_title\": \"\", \"draft_title\": \"For Rent\", \"live\": true, \"last_published_at\": null, \"has_unpublished_changes\": false, \"description\": \"This is a list of properties that are for rent.\", \"numchild\": 0, \"content_type\": 16, \"show_in_menus\": false, \"path\": \"0001000100020002\", \"url_path\": \"/home/catalog/for-rent/\", \"expired\": false, \"slug\": \"for-rent\", \"locked\": false, \"name\": \"For Rent\", \"pk\": 7, \"items\": [], \"depth\": 4, \"first_published_at\": null, \"expire_at\": null, \"live_revision\": null}", "approved_go_live_at": null}}, {"model": "wagtailcore.pagerevision", "pk": 6, "fields": {"page": 8, "submitted_for_moderation": false, "created_at": "2018-05-13T09:58:50.087Z", "user": 1, "content_json": "{\"search_description\": \"\", \"owner\": 1, \"latest_revision_created_at\": null, \"go_live_at\": null, \"title\": \"Listing Index\", \"seo_title\": \"\", \"draft_title\": \"Listing Index\", \"live\": true, \"last_published_at\": null, \"has_unpublished_changes\": false, \"description\": \"\", \"numchild\": 0, \"content_type\": 11, \"show_in_menus\": false, \"path\": \"000100010003\", \"url_path\": \"/home/properties/\", \"expired\": false, \"slug\": \"properties\", \"locked\": false, \"pk\": 8, \"depth\": 3, \"first_published_at\": null, \"expire_at\": null, \"live_revision\": null}", "approved_go_live_at": null}}, {"model": "wagtailcore.pagerevision", "pk": 7, "fields": {"page": 9, "submitted_for_moderation": false, "created_at": "2018-05-13T10:10:14.894Z", "user": 1, "content_json": "{\"features\": [{\"pk\": 1, \"value\": \"Blum BLUMOTION soft-close technology\", \"prop\": 9}, {\"pk\": 2, \"value\": \"Outdoor entertainment area\", \"prop\": 9}, {\"pk\": 3, \"value\": \"Stainless steel appliances\", \"prop\": 9}, {\"pk\": 4, \"value\": \"Spacious floorplans\", \"prop\": 9}], \"image\": [{\"pk\": 1, \"image\": \"uploads/2018/05/13/1.jpg\", \"description\": \"\", \"pr2\": 9}, {\"pk\": 2, \"image\": \"uploads/2018/05/13/2.jpg\", \"description\": \"\", \"pr2\": 9}, {\"pk\": 3, \"image\": \"uploads/2018/05/13/image3.jpg\", \"description\": \"\", \"pr2\": 9}, {\"pk\": 4, \"image\": \"uploads/2018/05/13/image4.jpg\", \"description\": \"\", \"pr2\": 9}, {\"pk\": 5, \"image\": \"uploads/2018/05/13/image5.jpg\", \"description\": \"\", \"pr2\": 9}, {\"pk\": 6, \"image\": \"uploads/2018/05/13/image6.jpg\", \"description\": \"\", \"pr2\": 9}, {\"pk\": 7, \"image\": \"uploads/2018/05/13/image7.jpg\", \"description\": \"\", \"pr2\": 9}], \"search_description\": \"\", \"price\": \"25713255\", \"owner\": 1, \"num_baths\": 3, \"lot_size\": \"500\", \"address_state\": \"Victoria\", \"latest_revision_created_at\": null, \"listed_date\": \"2016-11-17\", \"property_type\": 1, \"address_street\": \"Blair Street\", \"go_live_at\": null, \"title\": \"4 Blair Street Bentleigh Victoria Australia 3204 - For Sale\", \"address_country\": \"Australia\", \"seo_title\": \"\", \"draft_title\": \"4 Blair Street Bentleigh Victoria Australia 3204 - For Sale\", \"floor_area\": \"465\", \"live\": true, \"last_published_at\": null, \"has_unpublished_changes\": false, \"similarlistings_set\": [], \"address_lotnumber\": \"4\", \"description\": \"<p>Blair\\n Fields, Bentleigh offers bright, airy and serene living spaces. Well \\nconsidered window placement of generous proportions enhance an internal \\nplace of rest and rejuvenation. <br/><br/>Luxury touches include: <br/><br/>\\u2022 Stainless steel Miele oven, cooktop, rangehood and integrated dishwasher. <br/>\\u2022 Blum BLUMOTION soft-close technology.<br/>\\u2022 Sleek dark Italian porcelain Storm Negro kitchen countertops and splashback<br/>\\u2022 Bathrooms featuring Italian Calcatta Porcelain Slabs by Maxfine<br/>\\u2022 Luxurious finishes extend to the laundry with solid stone benchtops.<br/><br/>A choice of two or three bedroom apartments with the highest quality finishes Bentleigh has to offer.<br/><br/>Visit the onsite display suite at 2-4 Blair Street, Bentleigh open Saturday &amp; Sunday 12pm - 3pm  </p>\", \"build_year\": 2015, \"purchase_mode\": 0, \"numchild\": 0, \"similarListing\": [], \"content_type\": 15, \"show_in_menus\": false, \"path\": \"0001000100030001\", \"url_path\": \"/home/properties/4-blair-street-bentleigh-victoria-australia-3204/\", \"expired\": false, \"slug\": \"4-blair-street-bentleigh-victoria-australia-3204\", \"address_zip\": 3204, \"address_city\": \"Bentleigh\", \"locked\": false, \"pk\": 9, \"num_beds\": 8, \"depth\": 4, \"first_published_at\": null, \"fully_furnished\": true, \"expire_at\": null, \"live_revision\": null}", "approved_go_live_at": null}}, {"model": "wagtailcore.pagerevision", "pk": 8, "fields": {"page": 10, "submitted_for_moderation": false, "created_at": "2018-05-13T10:12:19.876Z", "user": 1, "content_json": "{\"search_description\": \"\", \"owner\": 1, \"featured\": [], \"latest_revision_created_at\": null, \"go_live_at\": null, \"title\": \"Luxury Lofts\", \"seo_title\": \"\", \"draft_title\": \"Luxury Lofts\", \"live\": true, \"last_published_at\": null, \"has_unpublished_changes\": false, \"description\": \"\", \"numchild\": 0, \"content_type\": 16, \"show_in_menus\": false, \"path\": \"0001000100020003\", \"url_path\": \"/home/catalog/luxury-lofts/\", \"expired\": false, \"slug\": \"luxury-lofts\", \"locked\": false, \"name\": \"Luxury Lofts\", \"pk\": 10, \"items\": [{\"pk\": 2, \"prop\": 9, \"pr2\": 10}], \"depth\": 4, \"first_published_at\": null, \"expire_at\": null, \"live_revision\": null}", "approved_go_live_at": null}}, {"model": "wagtailcore.pagerevision", "pk": 9, "fields": {"page": 11, "submitted_for_moderation": false, "created_at": "2018-05-13T10:18:26.812Z", "user": 1, "content_json": "{\"features\": [{\"pk\": 5, \"value\": \"Intercom\", \"prop\": 11}, {\"pk\": 6, \"value\": \"Floorboards\", \"prop\": 11}, {\"pk\": 7, \"value\": \"Broadband Internet Available\", \"prop\": 11}, {\"pk\": 8, \"value\": \"Built-in Wardrobes\", \"prop\": 11}, {\"pk\": 9, \"value\": \"Dishwasher\", \"prop\": 11}, {\"pk\": 10, \"value\": \"Split-system Air Conditioning\", \"prop\": 11}, {\"pk\": 11, \"value\": \"Ducted Heating\", \"prop\": 11}], \"image\": [{\"pk\": 8, \"image\": \"uploads/2018/05/13/1_tb2eWBq.jpg\", \"description\": \"Two assure edward whence the was. Who worthy yet ten boy denote wonder.\", \"pr2\": 11}, {\"pk\": 9, \"image\": \"uploads/2018/05/13/2_QdKzU22.jpg\", \"description\": \"Weeks views her sight old tears sorry. Additions can suspected its concealed put furnished.\", \"pr2\": 11}, {\"pk\": 10, \"image\": \"uploads/2018/05/13/3.jpg\", \"description\": \"Met the why particular devonshire decisively considered partiality. Certain it waiting no entered is.\", \"pr2\": 11}, {\"pk\": 11, \"image\": \"uploads/2018/05/13/4.jpg\", \"description\": \"Passed her indeed uneasy shy polite appear denied. Oh less girl no walk. At he spot with five of view.\", \"pr2\": 11}, {\"pk\": 12, \"image\": \"uploads/2018/05/13/5.jpg\", \"description\": \"\", \"pr2\": 11}, {\"pk\": 13, \"image\": \"uploads/2018/05/13/5.png\", \"description\": \"\", \"pr2\": 11}], \"search_description\": \"\", \"price\": \"52019000\", \"owner\": 1, \"num_baths\": 2, \"lot_size\": \"100.7\", \"address_state\": \"Victoria\", \"latest_revision_created_at\": null, \"listed_date\": \"2017-11-15\", \"property_type\": 4, \"address_street\": \"Burke Road\", \"go_live_at\": null, \"title\": \"399 Burke Road Camberwell Victoria Australia 3124 - For Sale\", \"address_country\": \"Australia\", \"seo_title\": \"\", \"draft_title\": \"399 Burke Road Camberwell Victoria Australia 3124 - For Sale\", \"floor_area\": \"100.7\", \"live\": true, \"last_published_at\": null, \"has_unpublished_changes\": false, \"similarlistings_set\": [], \"address_lotnumber\": \"399\", \"description\": \"<p>ENTERTAIN IN STYLE, WHILST ENJOY THE PRIVACY OF UPSTAIRS BEDROOMS.</p> <p>Entertain in style, whilst enjoying the privacy of bedrooms located upstairs.<br/><br/>Bijou Camberwell comprises 37 architecturally designed apartments by Fender Katsalidis.<br/><br/>The\\n apartments are high-end owner-occupier grade in terms of space and \\nspecification, and designed to meet the needs of local down-sizers.</p>\", \"build_year\": 2014, \"purchase_mode\": 0, \"numchild\": 0, \"similarListing\": [{\"pk\": 1, \"prop\": 9, \"fkey\": 11}], \"content_type\": 15, \"show_in_menus\": false, \"path\": \"0001000100030002\", \"url_path\": \"/home/properties/399-burke-road-camberwell-victoria-australia-3124/\", \"expired\": false, \"slug\": \"399-burke-road-camberwell-victoria-australia-3124\", \"address_zip\": 3124, \"address_city\": \"Camberwell\", \"locked\": false, \"pk\": 11, \"num_beds\": 2, \"depth\": 4, \"first_published_at\": null, \"fully_furnished\": true, \"expire_at\": null, \"live_revision\": null}", "approved_go_live_at": null}}, {"model": "wagtailcore.pagerevision", "pk": 10, "fields": {"page": 12, "submitted_for_moderation": false, "created_at": "2018-05-13T10:24:20.593Z", "user": 1, "content_json": "{\"features\": [{\"pk\": 12, \"value\": \"3 minutes to Eastlink\", \"prop\": 12}, {\"pk\": 13, \"value\": \"2 km to Eastland shopping hub, cafes and entertain\", \"prop\": 12}, {\"pk\": 14, \"value\": \"4 mins to new train station and bus transport hub\", \"prop\": 12}, {\"pk\": 15, \"value\": \"Surrounded by early learning centres, private scho\", \"prop\": 12}, {\"pk\": 16, \"value\": \"Close to new aquatic centre, parks and numerous re\", \"prop\": 12}, {\"pk\": 17, \"value\": \"Full turnkey package, no extra to pay\", \"prop\": 12}], \"image\": [{\"pk\": 14, \"image\": \"uploads/2018/05/13/1_EPLEJmf.jpg\", \"description\": \"\", \"pr2\": 12}, {\"pk\": 15, \"image\": \"uploads/2018/05/13/2_qMIt9U5.jpg\", \"description\": \"\", \"pr2\": 12}, {\"pk\": 16, \"image\": \"uploads/2018/05/13/3_zBBzQqX.jpg\", \"description\": \"\", \"pr2\": 12}, {\"pk\": 17, \"image\": \"uploads/2018/05/13/4_9qDhsy2.jpg\", \"description\": \"\", \"pr2\": 12}, {\"pk\": 18, \"image\": \"uploads/2018/05/13/5_soeTfyL.jpg\", \"description\": \"\", \"pr2\": 12}, {\"pk\": 19, \"image\": \"uploads/2018/05/13/6.jpg\", \"description\": \"\", \"pr2\": 12}, {\"pk\": 20, \"image\": \"uploads/2018/05/13/7.jpg\", \"description\": \"\", \"pr2\": 12}], \"search_description\": \"\", \"price\": \"12500000\", \"owner\": 1, \"num_baths\": 1, \"lot_size\": \"97\", \"address_state\": \"Victoria\", \"latest_revision_created_at\": null, \"listed_date\": \"2018-05-15\", \"property_type\": 4, \"address_street\": \"Mount Dandenong Road\", \"go_live_at\": null, \"title\": \"97 Mount Dandenong Road Camberwell Victoria Australia 3501 - For Sale\", \"address_country\": \"Australia\", \"seo_title\": \"\", \"draft_title\": \"97 Mount Dandenong Road Camberwell Victoria Australia 3501 - For Sale\", \"floor_area\": \"97\", \"live\": true, \"last_published_at\": null, \"has_unpublished_changes\": false, \"similarlistings_set\": [], \"address_lotnumber\": \"97\", \"description\": \"The\\n Woodlands, now selling off the plan. 14 uniquely designed town \\nresidences situated in the leafy retreat between Mount Dandenong Road \\nand Sunbeam Avenue of Ringwood East. <br/><br/>Stage I of the development \\noffers 3 fully turnkey, high quality, double storey townhouses. Choose \\nfrom 3 or 4 bedroom configurations, with 2 living areas, double garages,\\n and house sizes range from 185 to 192 square metres. <br/><br/>Residents\\n of The Woodlands will enjoy living in a prime Ringwood East location, \\nsurrounded by an abundance of educational institutions, medical centres,\\n sporting facilities, parkland and fantastic shopping. Entry to the \\nEastlink is just 3km away, offering a 38 minute, direct route to the \\ncentre of Melbourne. <br/><br/>Major shopping hub of Eastland is just 2kms\\n away, offering hundreds of speciality stores &amp; eateries, as well as\\n cinemas, libraries, fitness centres, children\\u2019s play areas, restaurants\\n etc.<br/><br/>For those raising a family, The Woodlands is surrounded by \\nearly learning centres, through primary, secondary and tertiary \\ninstitutes. There is also no shortage of recreational and sporting \\nfacilities, with numerous football and cricket grounds, tennis courts, \\nathletics grounds and aquatics centres. Ringwood is one of Melbourne\\u2019s \\ngreenest suburbs and is dotted with parkland, lakes, cycling and running\\n paths, and children\\u2019s play areas. <br/><br/><p>Register today to secure your new home in The Woodlands.</p>\", \"build_year\": 2014, \"purchase_mode\": 0, \"numchild\": 0, \"similarListing\": [{\"pk\": 2, \"prop\": 9, \"fkey\": 12}, {\"pk\": 3, \"prop\": 11, \"fkey\": 12}], \"content_type\": 15, \"show_in_menus\": false, \"path\": \"0001000100030003\", \"url_path\": \"/home/properties/97-mount-dandenong-road-camberwell-victoria-australia-3501/\", \"expired\": false, \"slug\": \"97-mount-dandenong-road-camberwell-victoria-australia-3501\", \"address_zip\": 3501, \"address_city\": \"Camberwell\", \"locked\": false, \"pk\": 12, \"num_beds\": 3, \"depth\": 4, \"first_published_at\": null, \"fully_furnished\": true, \"expire_at\": null, \"live_revision\": null}", "approved_go_live_at": null}}, {"model": "wagtailcore.pagerevision", "pk": 11, "fields": {"page": 13, "submitted_for_moderation": false, "created_at": "2018-05-13T10:28:43.946Z", "user": 1, "content_json": "{\"features\": [{\"pk\": 18, \"value\": \"Telephone Line\", \"prop\": 13}, {\"pk\": 19, \"value\": \"Hot and Cold Shower\", \"prop\": 13}, {\"pk\": 20, \"value\": \"Stainless utensils\", \"prop\": 13}, {\"pk\": 21, \"value\": \"Neighbor's noisy dogs\", \"prop\": 13}], \"image\": [{\"pk\": 21, \"image\": \"uploads/2018/05/13/1_OUydj3f.jpg\", \"description\": \"\", \"pr2\": 13}, {\"pk\": 22, \"image\": \"uploads/2018/05/13/2_t5QJ1Zm.jpg\", \"description\": \"\", \"pr2\": 13}, {\"pk\": 23, \"image\": \"uploads/2018/05/13/2_rvjt3Cq.jpg\", \"description\": \"\", \"pr2\": 13}, {\"pk\": 24, \"image\": \"uploads/2018/05/13/3_zDUBmvE.jpg\", \"description\": \"\", \"pr2\": 13}, {\"pk\": 25, \"image\": \"uploads/2018/05/13/4_gLR3n08.jpg\", \"description\": \"\", \"pr2\": 13}, {\"pk\": 26, \"image\": \"uploads/2018/05/13/5_CxLuAbA.jpg\", \"description\": \"\", \"pr2\": 13}, {\"pk\": 27, \"image\": \"uploads/2018/05/13/6_XtyQ75Y.jpg\", \"description\": \"\", \"pr2\": 13}, {\"pk\": 28, \"image\": \"uploads/2018/05/13/7_mDiJrAY.jpg\", \"description\": \"\", \"pr2\": 13}], \"search_description\": \"\", \"price\": \"9500000\", \"owner\": 1, \"num_baths\": 2, \"lot_size\": \"102\", \"address_state\": \"Victoria\", \"latest_revision_created_at\": null, \"listed_date\": \"2017-12-07\", \"property_type\": 1, \"address_street\": \"Van der Haar Street\", \"go_live_at\": null, \"title\": \"45 Van der Haar Street Camberwell Victoria Australia 3602 - For Sale\", \"address_country\": \"Australia\", \"seo_title\": \"\", \"draft_title\": \"45 Van der Haar Street Camberwell Victoria Australia 3602 - For Sale\", \"floor_area\": \"85\", \"live\": true, \"last_published_at\": null, \"has_unpublished_changes\": false, \"similarlistings_set\": [], \"address_lotnumber\": \"45\", \"description\": \"<p>\\\"GRAND\\\" Open SATURDAY at 2:00pm - 2:45pm! A Premium Corner Position With Comfort and Luxury !</p> FIXED D8 SALE: 6/6/2018 (unless sold prior)<br/>This\\n beautiful, well loved, warm and peaceful home offers both comfort and \\nluxury. The premier location in a quiet court,  multiple living zones \\nand separate kitchen with meals area makes this blissful home suitable \\nfor both young and mature families. This freshly painted beauty, with \\nbrand new quality carpets  accommodates four living areas, a homely \\nsolid Tasmanian blackwood kitchen with lovely slate tiles, four bedrooms\\n (Master Suite complete with WIR and Ensuite and 2 other bedroom with \\nBIR) two superbly renovated bathrooms, remote control garage and \\ndownlights, ducted heating and evaporative cooling throughout.<br/><br/>Whether\\n you wish to unwind or entertain, stepping outside and finding yourself \\nin the blissfully peaceful and generous decking alfresco with a built in\\n barbecue and a private solar heated swimming pool, leading to a secret \\ngarden will make your experience very enjoyable. The front garden is \\nbeautifully manicured, bursting with colour making this family home \\nextremely welcoming and pleasant even before you step inside.<br/><br/>All\\n this within walking distance to Berwick Lodge Primary School, minutes \\nfrom Wilson Botanic Park, Berwick High Street, train station, Westfield \\nFountain Gate and Monash Freeway. An inspection is sure to impress!<br/><br/>\\\"GRAND\\\" Open SATURDAY at 2:00pm - 2:45pm<br/>Beverages, Snacks, Kids stuff and so much more!<br/><br/>PHOTO ID IS REQUIRED ON ALL INSPECTIONS<br/><br/>\\u201cSelling? You\\u2019ll be SOLD with our $8,800 Success Fee\\u201c\", \"build_year\": 2011, \"purchase_mode\": 0, \"numchild\": 0, \"similarListing\": [{\"pk\": 5, \"prop\": 9, \"fkey\": 13}, {\"pk\": 4, \"prop\": 11, \"fkey\": 13}, {\"pk\": 6, \"prop\": 12, \"fkey\": 13}], \"content_type\": 15, \"show_in_menus\": false, \"path\": \"0001000100030004\", \"url_path\": \"/home/properties/45-van-der-haar-street-camberwell-victoria-australia-3602/\", \"expired\": false, \"slug\": \"45-van-der-haar-street-camberwell-victoria-australia-3602\", \"address_zip\": 3602, \"address_city\": \"Camberwell\", \"locked\": false, \"pk\": 13, \"num_beds\": 1, \"depth\": 4, \"first_published_at\": null, \"fully_furnished\": true, \"expire_at\": null, \"live_revision\": null}", "approved_go_live_at": null}}, {"model": "wagtailcore.pagerevision", "pk": 12, "fields": {"page": 14, "submitted_for_moderation": false, "created_at": "2018-05-13T10:31:34.158Z", "user": 1, "content_json": "{\"features\": [{\"pk\": 22, \"value\": \"Pool\", \"prop\": 14}, {\"pk\": 23, \"value\": \"Telephone Line\", \"prop\": 14}, {\"pk\": 24, \"value\": \"Broadband Access\", \"prop\": 14}, {\"pk\": 25, \"value\": \"Hot n' cold shower\", \"prop\": 14}], \"image\": [{\"pk\": 29, \"image\": \"uploads/2018/05/13/1_7KPc4ho.jpg\", \"description\": \"\", \"pr2\": 14}, {\"pk\": 30, \"image\": \"uploads/2018/05/13/2_hBkicb1.jpg\", \"description\": \"\", \"pr2\": 14}, {\"pk\": 31, \"image\": \"uploads/2018/05/13/3_1z5Jb9g.jpg\", \"description\": \"\", \"pr2\": 14}, {\"pk\": 32, \"image\": \"uploads/2018/05/13/4_jEA8RST.jpg\", \"description\": \"\", \"pr2\": 14}, {\"pk\": 33, \"image\": \"uploads/2018/05/13/5_XnTaqz6.jpg\", \"description\": \"\", \"pr2\": 14}], \"search_description\": \"\", \"price\": \"15750000\", \"owner\": 1, \"num_baths\": 1, \"lot_size\": \"85\", \"address_state\": \"Victoria\", \"latest_revision_created_at\": null, \"listed_date\": \"2017-10-26\", \"property_type\": 1, \"address_street\": \"Flash Dan Drive\", \"go_live_at\": null, \"title\": \"18 Flash Dan Drive Cranbourne Victoria Australia 3601 - For Sale\", \"address_country\": \"Australia\", \"seo_title\": \"\", \"draft_title\": \"18 Flash Dan Drive Cranbourne Victoria Australia 3601 - For Sale\", \"floor_area\": \"75\", \"live\": true, \"last_published_at\": null, \"has_unpublished_changes\": false, \"similarlistings_set\": [], \"address_lotnumber\": \"18\", \"description\": \"<p>\\\"GRAND\\\" Open SATURDAY at 12:00pm - 12:45pm! Luxurious Living in Cascades on Clyde!</p> FIXED D8 SALE: 4/6/2018 (unless sold prior)<br/>Presented\\n FOR SALE is this Stunning 30sq Home situated in the Prestigious \\nCascades on Clyde within a short walk to Selendra &amp; Hunt Club shops,\\n transport, schools and parks.<br/><br/>- Boasting 4 bedrooms with built \\nin robes, grand master bedroom with walk in robe and hotel like ensuite \\nwith double basins, study, multiple zone living: formal lounge, open \\nplan family and meals, theatre room,  gorgeous kitchen with pendant \\nlights and caesar stone benches.<br/>- Features refrigerated cooling, \\nducted heating, 900mm stainless steel cooker with rangehood, dishwasher,\\n sun shade and block blinds, modern light fittings, floating timber \\nfloors, NBN internet, recycled water available.<br/>- Outside you will \\nfind a remote control double garage, private covered outdoor area \\noverlooking a relaxing water fall/fish tank and on an easy to maintain \\n578m2 block.<br/><br/>This much loved home would suit all type of buyers so make sure its on TOP of your list! <br/> <br/>\\\"GRAND\\\" Open SATURDAY at 12:00pm - 12:45pm<br/>Beverages, Snacks, Kids stuff and so much more!<br/><br/>PHOTO ID IS REQUIRED ON ALL INSPECTIONS<br/><br/>\\u201cSelling? You\\u2019ll be SOLD with our $8,800 Success Fee\\u201c\", \"build_year\": 2011, \"purchase_mode\": 0, \"numchild\": 0, \"similarListing\": [{\"pk\": 7, \"prop\": 9, \"fkey\": 14}, {\"pk\": 8, \"prop\": 11, \"fkey\": 14}, {\"pk\": 9, \"prop\": 12, \"fkey\": 14}, {\"pk\": 10, \"prop\": 13, \"fkey\": 14}], \"content_type\": 15, \"show_in_menus\": false, \"path\": \"0001000100030005\", \"url_path\": \"/home/properties/18-flash-dan-drive-cranbourne-victoria-australia-3601/\", \"expired\": false, \"slug\": \"18-flash-dan-drive-cranbourne-victoria-australia-3601\", \"address_zip\": 3601, \"address_city\": \"Cranbourne\", \"locked\": false, \"pk\": 14, \"num_beds\": 3, \"depth\": 4, \"first_published_at\": null, \"fully_furnished\": false, \"expire_at\": null, \"live_revision\": null}", "approved_go_live_at": null}}, {"model": "wagtailcore.pagerevision", "pk": 13, "fields": {"page": 6, "submitted_for_moderation": false, "created_at": "2018-05-13T11:25:01.693Z", "user": 2, "content_json": "{\"search_description\": \"\", \"owner\": 1, \"featured\": [{\"pk\": null, \"prop\": 3, \"fkey\": 6}], \"latest_revision_created_at\": \"2018-05-13T09:35:26.634Z\", \"go_live_at\": null, \"title\": \"For Sale\", \"seo_title\": \"\", \"draft_title\": \"For Sale\", \"live\": true, \"last_published_at\": \"2018-05-13T09:35:27.447Z\", \"has_unpublished_changes\": false, \"description\": \"Properties that are for sale.\", \"numchild\": 0, \"content_type\": 16, \"show_in_menus\": false, \"path\": \"0001000100020001\", \"url_path\": \"/home/catalog/for-sale/\", \"expired\": false, \"slug\": \"for-sale\", \"locked\": false, \"name\": \"For Sale\", \"pk\": 6, \"items\": [{\"pk\": 1, \"prop\": 9, \"pr2\": 6}, {\"pk\": 3, \"prop\": 11, \"pr2\": 6}, {\"pk\": 4, \"prop\": 12, \"pr2\": 6}, {\"pk\": 5, \"prop\": 13, \"pr2\": 6}, {\"pk\": 6, \"prop\": 14, \"pr2\": 6}], \"depth\": 4, \"first_published_at\": \"2018-05-13T09:35:27.447Z\", \"expire_at\": null, \"live_revision\": 4}", "approved_go_live_at": null}}, {"model": "wagtailcore.pagerevision", "pk": 14, "fields": {"page": 6, "submitted_for_moderation": false, "created_at": "2018-05-13T11:30:02.541Z", "user": 2, "content_json": "{\"search_description\": \"\", \"owner\": 1, \"featured\": [{\"pk\": 1, \"prop\": 3, \"fkey\": 6}, {\"pk\": null, \"prop\": 5, \"fkey\": 6}], \"latest_revision_created_at\": \"2018-05-13T11:25:01.693Z\", \"go_live_at\": null, \"title\": \"For Sale\", \"seo_title\": \"\", \"draft_title\": \"For Sale\", \"live\": true, \"last_published_at\": \"2018-05-13T11:25:07.278Z\", \"has_unpublished_changes\": false, \"description\": \"Properties that are for sale.\", \"numchild\": 0, \"content_type\": 16, \"show_in_menus\": false, \"path\": \"0001000100020001\", \"url_path\": \"/home/catalog/for-sale/\", \"expired\": false, \"slug\": \"for-sale\", \"locked\": false, \"name\": \"For Sale\", \"pk\": 6, \"items\": [{\"pk\": 1, \"prop\": 9, \"pr2\": 6}, {\"pk\": 3, \"prop\": 11, \"pr2\": 6}, {\"pk\": 4, \"prop\": 12, \"pr2\": 6}, {\"pk\": 5, \"prop\": 13, \"pr2\": 6}, {\"pk\": 6, \"prop\": 14, \"pr2\": 6}], \"depth\": 4, \"first_published_at\": \"2018-05-13T09:35:27.447Z\", \"expire_at\": null, \"live_revision\": 13}", "approved_go_live_at": null}}, {"model": "wagtailcore.pagerevision", "pk": 15, "fields": {"page": 15, "submitted_for_moderation": false, "created_at": "2018-05-14T09:34:33.975Z", "user": 3, "content_json": "{\"features\": [{\"pk\": 26, \"value\": \"Spacious Bedrooms with mirrored built-ins\", \"prop\": 15}, {\"pk\": 27, \"value\": \"Separate Study room\", \"prop\": 15}, {\"pk\": 28, \"value\": \"Stone benchtops with stainless steel appliances\", \"prop\": 15}, {\"pk\": 29, \"value\": \"Stylish fully tiled bathroom with Frameless Shower\", \"prop\": 15}, {\"pk\": 30, \"value\": \"Separate internal laundry\", \"prop\": 15}, {\"pk\": 31, \"value\": \"Video Security intercom and Ducted a/c\", \"prop\": 15}, {\"pk\": 32, \"value\": \"Secure building with on site building manager and\", \"prop\": 15}, {\"pk\": 33, \"value\": \"Roof top terrace for entertainment\", \"prop\": 15}], \"image\": [{\"pk\": 34, \"image\": \"uploads/2018/05/14/1.jpg\", \"description\": \"\", \"pr2\": 15}, {\"pk\": 35, \"image\": \"uploads/2018/05/14/2.jpg\", \"description\": \"\", \"pr2\": 15}, {\"pk\": 36, \"image\": \"uploads/2018/05/14/3.jpg\", \"description\": \"\", \"pr2\": 15}, {\"pk\": 37, \"image\": \"uploads/2018/05/14/4.jpg\", \"description\": \"\", \"pr2\": 15}, {\"pk\": 38, \"image\": \"uploads/2018/05/14/5.png\", \"description\": \"\", \"pr2\": 15}], \"search_description\": \"\", \"price\": \"37600000.99\", \"owner\": 3, \"num_baths\": 1, \"lot_size\": \"105\", \"address_state\": \"New South Wales\", \"latest_revision_created_at\": null, \"listed_date\": \"2017-05-18\", \"property_type\": 3, \"address_street\": \"George St.\", \"go_live_at\": null, \"title\": \"710 George St. Sydney New South Wales Australia 2000 - For Sale\", \"address_country\": \"Australia\", \"seo_title\": \"\", \"draft_title\": \"710 George St. Sydney New South Wales Australia 2000 - For Sale\", \"floor_area\": \"95.7\", \"live\": true, \"last_published_at\": null, \"has_unpublished_changes\": false, \"similarlistings_set\": [], \"address_lotnumber\": \"710\", \"description\": \"<p>Contemporary CBD Apartment in convenient location</p> <p>An\\n exceptional offering in the heart of Sydney, this stylish apartment \\npresent an outstanding opportunity as home or as an investment with \\nstrong rental return. Positioned in the most convenient location for \\nlifestyle excellence in tightly-held 'Inmark Tower' complex with public \\ntransport on your doorstep, this complex is located stroll from \\nChinatown, Darling Harbour and all CBD Shopping precinct.<br/><br/>- Spacious Bedrooms with mirrored built-ins and separate Study room<br/>- Stone benchtops with integrated Stainless Steel appliances<br/>- Stylish fully tiled bathroom with Frameless Shower<br/>- Separate internal laundry<br/>- Video Security intercom and Ducted a/c<br/>- Secure building with on site building manager and concierge<br/>- Roof top terrace for entertainment<br/><br/>Administration fee $1,232pq</p>\", \"build_year\": 2011, \"purchase_mode\": 0, \"numchild\": 0, \"similarListing\": [{\"pk\": 12, \"prop\": 9, \"fkey\": 15}, {\"pk\": 13, \"prop\": 12, \"fkey\": 15}, {\"pk\": 11, \"prop\": 13, \"fkey\": 15}, {\"pk\": 14, \"prop\": 14, \"fkey\": 15}], \"content_type\": 15, \"show_in_menus\": false, \"path\": \"0001000100030006\", \"url_path\": \"/home/properties/710-george-st-sydney-new-south-wales-australia-2000/\", \"expired\": false, \"slug\": \"710-george-st-sydney-new-south-wales-australia-2000\", \"address_zip\": 2000, \"address_city\": \"Sydney\", \"locked\": false, \"pk\": 15, \"num_beds\": 2, \"depth\": 4, \"first_published_at\": null, \"fully_furnished\": false, \"expire_at\": null, \"live_revision\": null}", "approved_go_live_at": null}}, {"model": "wagtailcore.pagerevision", "pk": 16, "fields": {"page": 16, "submitted_for_moderation": false, "created_at": "2018-05-14T09:40:42.240Z", "user": 3, "content_json": "{\"features\": [{\"pk\": 34, \"value\": \"Landmark Designer\", \"prop\": 16}, {\"pk\": 35, \"value\": \"Landmark Designer\", \"prop\": 16}, {\"pk\": 36, \"value\": \"Spectacular 180\\u00ba Harbour Views\", \"prop\": 16}], \"image\": [{\"pk\": 39, \"image\": \"uploads/2018/05/14/1_kE7A4Ks.jpg\", \"description\": \"\", \"pr2\": 16}, {\"pk\": 40, \"image\": \"uploads/2018/05/14/2_s5ssR9Y.jpg\", \"description\": \"\", \"pr2\": 16}, {\"pk\": 41, \"image\": \"uploads/2018/05/14/3_GIcbKQG.jpg\", \"description\": \"\", \"pr2\": 16}, {\"pk\": 42, \"image\": \"uploads/2018/05/14/4_nVM6re8.jpg\", \"description\": \"\", \"pr2\": 16}, {\"pk\": 43, \"image\": \"uploads/2018/05/14/5.jpg\", \"description\": \"\", \"pr2\": 16}], \"search_description\": \"\", \"price\": \"49500000.00\", \"owner\": 3, \"num_baths\": 1, \"lot_size\": \"72\", \"address_state\": \"New South Wales\", \"latest_revision_created_at\": null, \"listed_date\": \"2017-04-14\", \"property_type\": 1, \"address_street\": \"Barangaroo Avenue\", \"go_live_at\": null, \"title\": \"19 Barangaroo Avenue Sydney New South Wales Australia 2000 - For Sale\", \"address_country\": \"Australia\", \"seo_title\": \"\", \"draft_title\": \"19 Barangaroo Avenue Sydney New South Wales Australia 2000 - For Sale\", \"floor_area\": \"72\", \"live\": true, \"last_published_at\": null, \"has_unpublished_changes\": false, \"similarlistings_set\": [], \"address_lotnumber\": \"19\", \"description\": \"This sophisticated 72m2 pet-friendly apartment is prestigiously located \\nwithin the heart of Barangaroo, Sydney\\u2019s flagship harbourside \\ndestination. Privately positioned on the second floor within \\u2018Anadara\\u2019, a\\n breathtaking waterfront apartment building, awarded \\u2018Gold Winner of the\\n 2016 Sydney Design\\u2019 awards. Setting a new benchmark for urban design \\nand sustainable living, this extraordinary building is the collaboration\\n of <b>renowned architect Richard-Francis Jones and SJB Interiors.</b><br/><br/>Upon\\n entry, with secure level lift access, your eye is immediately drawn to \\nthe phenomenal and uninterrupted 180\\u00ba harbour views. A plush modern \\nkitchen and internal laundry is luxuriously appointed with Miele \\nappliances and stone benchtops. Spacious and light filled interiors \\nfeature floor to ceiling glass and stunning wide engineered timber \\nfloors. Open plan living and dining leads onto a generous balcony \\ncapturing sweeping views across Darling Harbour, Balmain and Goat \\nIsland. Accommodation comprises Master bedroom with impressive mirrored \\nwardrobes and opens onto the outdoor balcony directly overlooking \\nDarling Harbour. A deluxe bathroom features glazed tiles and \\nhigh-quality finishes. Additional attributes to this designer apartment \\ninclude reverse-cycle air-conditioning, CCTV security and intercom plus \\nstorage cage.<br/><br/>\\u2018Anadara\\u2019 has achieved an outstanding 5 Star Green \\nStar rating offering the best in sustainability befitting its premium \\nwaterfront location.\\u00a0Features of this include; moveable louvres creating\\n privacy and climate control, acoustic insulation, thermal double \\nglazing, solar powered lighting, chilled water, recycled water treatment\\n plant. <br/><br/><p>\\u2018Anadara\\u2019 offers an ultra-convenient, chic inner-city \\nhome or superb investment opportunity. Uniquely located within 5 \\nminutes\\u2019 walk of the CBD within footsteps of every conceivable amenity \\nincluding Barangaroo ferry wharfs, world class restaurants, cafes, bars,\\n theatres, gyms, child day care, shops, and neighbouring Crown Casino, \\nsoon to be NSW\\u2019s first 6-star hotel. Within close proximity to Circular \\nQuay, The Rocks and the iconic Sydney Harbour Bridge and Opera House.</p>\", \"build_year\": 2017, \"purchase_mode\": 0, \"numchild\": 0, \"similarListing\": [{\"pk\": 18, \"prop\": 9, \"fkey\": 16}, {\"pk\": 15, \"prop\": 11, \"fkey\": 16}, {\"pk\": 16, \"prop\": 13, \"fkey\": 16}, {\"pk\": 17, \"prop\": 15, \"fkey\": 16}], \"content_type\": 15, \"show_in_menus\": false, \"path\": \"0001000100030007\", \"url_path\": \"/home/properties/19-barangaroo-avenue-sydney-new-south-wales-australia-2000/\", \"expired\": false, \"slug\": \"19-barangaroo-avenue-sydney-new-south-wales-australia-2000\", \"address_zip\": 2000, \"address_city\": \"Sydney\", \"locked\": false, \"pk\": 16, \"num_beds\": 1, \"depth\": 4, \"first_published_at\": null, \"fully_furnished\": true, \"expire_at\": null, \"live_revision\": null}", "approved_go_live_at": null}}, {"model": "wagtailcore.pagerevision", "pk": 17, "fields": {"page": 17, "submitted_for_moderation": false, "created_at": "2018-05-14T09:45:28.614Z", "user": 3, "content_json": "{\"features\": [{\"pk\": 37, \"value\": \"Two generous double bedrooms with balcony access\", \"prop\": 17}, {\"pk\": 38, \"value\": \"High floor\", \"prop\": 17}, {\"pk\": 39, \"value\": \"Two modern bathrooms, main bedroom with ensuite\", \"prop\": 17}, {\"pk\": 40, \"value\": \"Large gas kitchen with granite bench tops\", \"prop\": 17}, {\"pk\": 41, \"value\": \"Impressive gym, pool, spa, sauna, squash court\", \"prop\": 17}, {\"pk\": 42, \"value\": \"Games room\", \"prop\": 17}, {\"pk\": 43, \"value\": \"On-site concierge\", \"prop\": 17}, {\"pk\": 44, \"value\": \"ducted air-conditioning throughout\", \"prop\": 17}], \"image\": [{\"pk\": 44, \"image\": \"uploads/2018/05/14/1_UY2KXU1.jpg\", \"description\": \"\", \"pr2\": 17}, {\"pk\": 45, \"image\": \"uploads/2018/05/14/2_hf86D0U.jpg\", \"description\": \"\", \"pr2\": 17}, {\"pk\": 46, \"image\": \"uploads/2018/05/14/3_gmD5uip.jpg\", \"description\": \"\", \"pr2\": 17}, {\"pk\": 47, \"image\": \"uploads/2018/05/14/4_MyMs2T0.jpg\", \"description\": \"\", \"pr2\": 17}, {\"pk\": 48, \"image\": \"uploads/2018/05/14/5_HV4xKlW.jpg\", \"description\": \"\", \"pr2\": 17}], \"search_description\": \"\", \"price\": \"59379000\", \"owner\": 3, \"num_baths\": 2, \"lot_size\": \"107\", \"address_state\": \"New South Wales\", \"latest_revision_created_at\": null, \"listed_date\": \"2018-01-19\", \"property_type\": 2, \"address_street\": \"Sussex Street\", \"go_live_at\": null, \"title\": \"222 Sussex Street Sydney New South Wales Australia 2000 - For Sale\", \"address_country\": \"Australia\", \"seo_title\": \"\", \"draft_title\": \"222 Sussex Street Sydney New South Wales Australia 2000 - For Sale\", \"floor_area\": \"104\", \"live\": true, \"last_published_at\": null, \"has_unpublished_changes\": false, \"similarlistings_set\": [], \"address_lotnumber\": \"222\", \"description\": \"A rare opportunity to own a high floor North East corner apartment in \\none of Sydney\\u2019s most popular residences, Astoria Tower. Enjoying far \\nreaching water views and intimate city views that take in the Sydney \\nTower, QVB and Town Hall, this apartment is sure to impress. With a \\ngenerous floorplan and an abundance of natural light, the property is \\nvery well-presented and ready to occupy and enjoy the convenience of \\nmid-city apartment living. With high tenant demand, strong capital \\ngrowth prospects in an increasingly exciting city to live, the property \\nalso provides a solid investment choice. The tightly held Astoria Tower \\nis ideally positioned within an easy walk to Darling Harbour, Cockle Bay\\n restaurants and bars, QVB, and Town Hall. An ideal city residence to \\nenjoy the best Sydney has to offer. <br/><br/>High floor, 107sqm &amp; North East corner with water &amp; city views <br/>Two generous double bedrooms with balcony access, b/ins<br/>Two modern bathrooms, main bedroom with ensuite <br/>Large gas kitchen with granite bench tops, Smeg appliances<br/>Very rare for the Sydney CBD, secure lock-up garage on title<br/>Impressive gym, pool, spa, sauna, squash court, games room<br/>On-site concierge, with only four apartments per floor<br/>Large, practical floorplan, ducted air-conditioning throughout<br/><br/>Strata: $2,761.98 p/q <br/>Water: $177 p/q <br/><p>Council: $264 p/q</p>\", \"build_year\": 2014, \"purchase_mode\": 0, \"numchild\": 0, \"similarListing\": [{\"pk\": 19, \"prop\": 9, \"fkey\": 17}, {\"pk\": 20, \"prop\": 11, \"fkey\": 17}, {\"pk\": 21, \"prop\": 12, \"fkey\": 17}, {\"pk\": 22, \"prop\": 13, \"fkey\": 17}, {\"pk\": 23, \"prop\": 14, \"fkey\": 17}], \"content_type\": 15, \"show_in_menus\": false, \"path\": \"0001000100030008\", \"url_path\": \"/home/properties/222-sussex-street-sydney-new-south-wales-australia-2000/\", \"expired\": false, \"slug\": \"222-sussex-street-sydney-new-south-wales-australia-2000\", \"address_zip\": 2000, \"address_city\": \"Sydney\", \"locked\": false, \"pk\": 17, \"num_beds\": 2, \"depth\": 4, \"first_published_at\": null, \"fully_furnished\": false, \"expire_at\": null, \"live_revision\": null}", "approved_go_live_at": null}}, {"model": "wagtailcore.pagerevision", "pk": 18, "fields": {"page": 18, "submitted_for_moderation": false, "created_at": "2018-05-14T09:55:26.404Z", "user": 3, "content_json": "{\"features\": [{\"pk\": 45, \"value\": \"Intercom\", \"prop\": 18}, {\"pk\": 46, \"value\": \"Air Conditioning\", \"prop\": 18}, {\"pk\": 47, \"value\": \"Hot and cold showers\", \"prop\": 18}], \"image\": [{\"pk\": 49, \"image\": \"uploads/2018/05/14/1_CQGX0zS.jpg\", \"description\": \"\", \"pr2\": 18}, {\"pk\": 50, \"image\": \"uploads/2018/05/14/2_DAs8nuk.jpg\", \"description\": \"\", \"pr2\": 18}, {\"pk\": 51, \"image\": \"uploads/2018/05/14/3_TqldtXk.jpg\", \"description\": \"\", \"pr2\": 18}, {\"pk\": 52, \"image\": \"uploads/2018/05/14/4_unaYyA0.jpg\", \"description\": \"\", \"pr2\": 18}], \"search_description\": \"\", \"price\": \"75600000\", \"owner\": 3, \"num_baths\": 1, \"lot_size\": \"105\", \"address_state\": \"New South Wales\", \"latest_revision_created_at\": null, \"listed_date\": \"2016-05-24\", \"property_type\": 3, \"address_street\": \"Castlereagh Street\", \"go_live_at\": null, \"title\": \"26 Castlereagh Street Sydney New South Wales Australia 2000 - For Sale\", \"address_country\": \"Australia\", \"seo_title\": \"\", \"draft_title\": \"26 Castlereagh Street Sydney New South Wales Australia 2000 - For Sale\", \"floor_area\": \"105\", \"live\": true, \"last_published_at\": null, \"has_unpublished_changes\": false, \"similarlistings_set\": [], \"address_lotnumber\": \"26\", \"description\": \"<p>Luxury oversized studios</p> Castle Residences is an exclusive address on the doorstep to Sydney\\u2019s Hyde Park. <br/>It\\n will soon become the city\\u2019s ultimate CBD address, fusing luxurious \\ntower living with exceptional boutique hotel services. Like celebrated \\napartment houses on London\\u2019s Hyde Park or New York\\u2019s Central Park, it \\noffers an unsurpassed experience of city living. In a graceful pairing \\nof past and present, historic Porter House will house a luxury M Gallery\\n boutique hotel while an elegant new residential tower soars above. <br/><br/>Together,\\n this unique fusion of luxurious living and exceptional hotel services \\nwill create a lifestyle unmatched in a coveted Hyde Park setting; <br/><br/>- Experience exceptional world class hotel amenities with access to pool, gym, bars and business centre. <br/>- Hotel services will be accessible to residents via personalised IPad application <br/>- Apartments designed with free flowing living spaces and rich artesian detailing designed for enduring elegance and appeal <br/>-\\n Relish in luxury apartments complete with interiors of the highest \\nquality with timber and stone floors and Miele and Gaggenau appliances. <br/>-\\n Enjoy a coveted Hyde Park setting, living so close to the flourishing \\ngreen of Hyde park which brings a special quality to Sydney metropolitan\\n life <br/>- Apartments designed to maximise beautiful city and park views<br/><br/>This\\n statement tower has been many years in the making in a stunning \\ncollaboration by award winning architects Candelapas Associates, \\ninterior designer Studio Aria and developer Shanghai United.  Castle \\nresidences\\u2019 combines historical and contemporary form in an \\nextraordinary way \\u2013 all set against the backdrop of beautiful Hyde Park.<br/><br/>Now Selling<br/>Enquire now for this limited opportunity. <br/><br/>Display suite open 7 days 11am-4pm <br/>Level 21, 201 Elizabeth Street, Sydney<br/><br/>Visit castleresidences.com.au or call 1800 775 685 for more information\", \"build_year\": 2014, \"purchase_mode\": 0, \"numchild\": 0, \"similarListing\": [{\"pk\": 28, \"prop\": 9, \"fkey\": 18}, {\"pk\": 27, \"prop\": 13, \"fkey\": 18}, {\"pk\": 25, \"prop\": 14, \"fkey\": 18}, {\"pk\": 24, \"prop\": 15, \"fkey\": 18}, {\"pk\": 26, \"prop\": 16, \"fkey\": 18}], \"content_type\": 15, \"show_in_menus\": false, \"path\": \"0001000100030009\", \"url_path\": \"/home/properties/26-castlereagh-street-sydney-new-south-wales-australia-2000/\", \"expired\": false, \"slug\": \"26-castlereagh-street-sydney-new-south-wales-australia-2000\", \"address_zip\": 2000, \"address_city\": \"Sydney\", \"locked\": false, \"pk\": 18, \"num_beds\": 2, \"depth\": 4, \"first_published_at\": null, \"fully_furnished\": true, \"expire_at\": null, \"live_revision\": null}", "approved_go_live_at": null}}, {"model": "wagtailcore.pagerevision", "pk": 19, "fields": {"page": 10, "submitted_for_moderation": false, "created_at": "2018-05-14T09:56:44.498Z", "user": 3, "content_json": "{\"search_description\": \"\", \"owner\": 1, \"featured\": [], \"latest_revision_created_at\": \"2018-05-13T10:12:19.876Z\", \"go_live_at\": null, \"title\": \"Luxury Lofts\", \"seo_title\": \"\", \"draft_title\": \"Luxury Lofts\", \"live\": true, \"last_published_at\": \"2018-05-13T10:12:20.548Z\", \"has_unpublished_changes\": false, \"description\": \"\", \"numchild\": 0, \"content_type\": 16, \"show_in_menus\": false, \"path\": \"0001000100020003\", \"url_path\": \"/home/catalog/luxury-lofts/\", \"expired\": false, \"slug\": \"luxury-lofts\", \"locked\": false, \"name\": \"Luxury Lofts\", \"pk\": 10, \"items\": [{\"pk\": 2, \"prop\": 9, \"pr2\": 10}, {\"pk\": null, \"prop\": 18, \"pr2\": 10}, {\"pk\": null, \"prop\": 15, \"pr2\": 10}, {\"pk\": null, \"prop\": 17, \"pr2\": 10}], \"depth\": 4, \"first_published_at\": \"2018-05-13T10:12:20.548Z\", \"expire_at\": null, \"live_revision\": 8}", "approved_go_live_at": null}}, {"model": "wagtailcore.pagerevision", "pk": 20, "fields": {"page": 6, "submitted_for_moderation": false, "created_at": "2018-05-14T09:57:39.132Z", "user": 3, "content_json": "{\"search_description\": \"\", \"owner\": 1, \"featured\": [{\"pk\": 1, \"prop\": 3, \"fkey\": 6}, {\"pk\": 2, \"prop\": 5, \"fkey\": 6}, {\"pk\": null, \"prop\": 10, \"fkey\": 6}, {\"pk\": null, \"prop\": 4, \"fkey\": 6}], \"latest_revision_created_at\": \"2018-05-13T11:30:02.541Z\", \"go_live_at\": null, \"title\": \"For Sale\", \"seo_title\": \"\", \"draft_title\": \"For Sale\", \"live\": true, \"last_published_at\": \"2018-05-13T11:30:08.100Z\", \"has_unpublished_changes\": false, \"description\": \"Properties that are for sale.\", \"numchild\": 0, \"content_type\": 16, \"show_in_menus\": false, \"path\": \"0001000100020001\", \"url_path\": \"/home/catalog/for-sale/\", \"expired\": false, \"slug\": \"for-sale\", \"locked\": false, \"name\": \"For Sale\", \"pk\": 6, \"items\": [{\"pk\": 1, \"prop\": 9, \"pr2\": 6}, {\"pk\": 3, \"prop\": 11, \"pr2\": 6}, {\"pk\": 4, \"prop\": 12, \"pr2\": 6}, {\"pk\": 5, \"prop\": 13, \"pr2\": 6}, {\"pk\": 6, \"prop\": 14, \"pr2\": 6}, {\"pk\": 7, \"prop\": 15, \"pr2\": 6}, {\"pk\": 8, \"prop\": 16, \"pr2\": 6}, {\"pk\": 9, \"prop\": 17, \"pr2\": 6}, {\"pk\": 10, \"prop\": 18, \"pr2\": 6}], \"depth\": 4, \"first_published_at\": \"2018-05-13T09:35:27.447Z\", \"expire_at\": null, \"live_revision\": 14}", "approved_go_live_at": null}}, {"model": "wagtailcore.pagerevision", "pk": 21, "fields": {"page": 10, "submitted_for_moderation": false, "created_at": "2018-05-14T09:58:07.489Z", "user": 3, "content_json": "{\"search_description\": \"\", \"owner\": 1, \"featured\": [{\"pk\": null, \"prop\": 11, \"fkey\": 10}, {\"pk\": null, \"prop\": 12, \"fkey\": 10}], \"latest_revision_created_at\": \"2018-05-14T09:56:44.498Z\", \"go_live_at\": null, \"title\": \"Luxury Lofts\", \"seo_title\": \"\", \"draft_title\": \"Luxury Lofts\", \"live\": true, \"last_published_at\": \"2018-05-14T09:56:45.113Z\", \"has_unpublished_changes\": false, \"description\": \"\", \"numchild\": 0, \"content_type\": 16, \"show_in_menus\": false, \"path\": \"0001000100020003\", \"url_path\": \"/home/catalog/luxury-lofts/\", \"expired\": false, \"slug\": \"luxury-lofts\", \"locked\": false, \"name\": \"Luxury Lofts\", \"pk\": 10, \"items\": [{\"pk\": 2, \"prop\": 9, \"pr2\": 10}, {\"pk\": 12, \"prop\": 15, \"pr2\": 10}, {\"pk\": 13, \"prop\": 17, \"pr2\": 10}, {\"pk\": 11, \"prop\": 18, \"pr2\": 10}], \"depth\": 4, \"first_published_at\": \"2018-05-13T10:12:20.548Z\", \"expire_at\": null, \"live_revision\": 19}", "approved_go_live_at": null}}, {"model": "wagtailcore.pagerevision", "pk": 22, "fields": {"page": 6, "submitted_for_moderation": false, "created_at": "2018-05-14T09:59:28.172Z", "user": 3, "content_json": "{\"search_description\": \"\", \"owner\": 1, \"featured\": [{\"pk\": 1, \"prop\": 3, \"fkey\": 6}, {\"pk\": 2, \"prop\": 5, \"fkey\": 6}, {\"pk\": 3, \"prop\": 10, \"fkey\": 6}, {\"pk\": 4, \"prop\": 4, \"fkey\": 6}, {\"pk\": null, \"prop\": 3, \"fkey\": 6}], \"latest_revision_created_at\": \"2018-05-14T09:57:39.132Z\", \"go_live_at\": null, \"title\": \"For Sale\", \"seo_title\": \"\", \"draft_title\": \"For Sale\", \"live\": true, \"last_published_at\": \"2018-05-14T09:57:39.859Z\", \"has_unpublished_changes\": false, \"description\": \"Properties that are for sale.\", \"numchild\": 0, \"content_type\": 16, \"show_in_menus\": false, \"path\": \"0001000100020001\", \"url_path\": \"/home/catalog/for-sale/\", \"expired\": false, \"slug\": \"for-sale\", \"locked\": false, \"name\": \"For Sale\", \"pk\": 6, \"items\": [{\"pk\": 1, \"prop\": 9, \"pr2\": 6}, {\"pk\": 3, \"prop\": 11, \"pr2\": 6}, {\"pk\": 4, \"prop\": 12, \"pr2\": 6}, {\"pk\": 5, \"prop\": 13, \"pr2\": 6}, {\"pk\": 6, \"prop\": 14, \"pr2\": 6}, {\"pk\": 7, \"prop\": 15, \"pr2\": 6}, {\"pk\": 8, \"prop\": 16, \"pr2\": 6}, {\"pk\": 9, \"prop\": 17, \"pr2\": 6}, {\"pk\": 10, \"prop\": 18, \"pr2\": 6}], \"depth\": 4, \"first_published_at\": \"2018-05-13T09:35:27.447Z\", \"expire_at\": null, \"live_revision\": 20}", "approved_go_live_at": null}}, {"model": "wagtailcore.pagerevision", "pk": 23, "fields": {"page": 10, "submitted_for_moderation": false, "created_at": "2018-05-14T10:00:17.132Z", "user": 3, "content_json": "{\"search_description\": \"\", \"owner\": 1, \"featured\": [{\"pk\": 5, \"prop\": 11, \"fkey\": 10}, {\"pk\": 6, \"prop\": 12, \"fkey\": 10}], \"latest_revision_created_at\": \"2018-05-14T09:58:07.489Z\", \"go_live_at\": null, \"title\": \"Luxury Lofts\", \"seo_title\": \"\", \"draft_title\": \"Luxury Lofts\", \"live\": true, \"last_published_at\": \"2018-05-14T09:58:09.454Z\", \"has_unpublished_changes\": false, \"description\": \"\", \"numchild\": 0, \"content_type\": 16, \"show_in_menus\": false, \"path\": \"0001000100020003\", \"url_path\": \"/home/catalog/luxury-lofts/\", \"expired\": false, \"slug\": \"luxury-lofts\", \"locked\": false, \"name\": \"Luxury Lofts\", \"pk\": 10, \"items\": [{\"pk\": 2, \"prop\": 9, \"pr2\": 10}, {\"pk\": 12, \"prop\": 15, \"pr2\": 10}, {\"pk\": 13, \"prop\": 17, \"pr2\": 10}, {\"pk\": 11, \"prop\": 18, \"pr2\": 10}, {\"pk\": null, \"prop\": 11, \"pr2\": 10}], \"depth\": 4, \"first_published_at\": \"2018-05-13T10:12:20.548Z\", \"expire_at\": null, \"live_revision\": 21}", "approved_go_live_at": null}}, {"model": "wagtailcore.pagerevision", "pk": 24, "fields": {"page": 10, "submitted_for_moderation": false, "created_at": "2018-05-14T10:00:36.139Z", "user": 3, "content_json": "{\"search_description\": \"\", \"owner\": 1, \"featured\": [{\"pk\": 5, \"prop\": 11, \"fkey\": 10}, {\"pk\": 6, \"prop\": 12, \"fkey\": 10}, {\"pk\": null, \"prop\": 14, \"fkey\": 10}], \"latest_revision_created_at\": \"2018-05-14T10:00:17.132Z\", \"go_live_at\": null, \"title\": \"Luxury Lofts\", \"seo_title\": \"\", \"draft_title\": \"Luxury Lofts\", \"live\": true, \"last_published_at\": \"2018-05-14T10:00:17.760Z\", \"has_unpublished_changes\": false, \"description\": \"\", \"numchild\": 0, \"content_type\": 16, \"show_in_menus\": false, \"path\": \"0001000100020003\", \"url_path\": \"/home/catalog/luxury-lofts/\", \"expired\": false, \"slug\": \"luxury-lofts\", \"locked\": false, \"name\": \"Luxury Lofts\", \"pk\": 10, \"items\": [{\"pk\": 2, \"prop\": 9, \"pr2\": 10}, {\"pk\": 14, \"prop\": 11, \"pr2\": 10}, {\"pk\": 12, \"prop\": 15, \"pr2\": 10}, {\"pk\": 13, \"prop\": 17, \"pr2\": 10}, {\"pk\": 11, \"prop\": 18, \"pr2\": 10}], \"depth\": 4, \"first_published_at\": \"2018-05-13T10:12:20.548Z\", \"expire_at\": null, \"live_revision\": 23}", "approved_go_live_at": null}}, {"model": "wagtailcore.pagerevision", "pk": 26, "fields": {"page": 20, "submitted_for_moderation": false, "created_at": "2018-05-15T07:21:29.084Z", "user": 3, "content_json": "{\"search_description\": \"\", \"owner\": 3, \"latest_revision_created_at\": null, \"go_live_at\": null, \"title\": \"Broker Agency List\", \"seo_title\": \"\", \"draft_title\": \"Broker Agency List\", \"live\": true, \"last_published_at\": null, \"has_unpublished_changes\": false, \"numchild\": 0, \"agencies\": [{\"pk\": 3, \"agency_name\": \"Wagtail Realtors Corp.\", \"fkey\": 20}, {\"pk\": 4, \"agency_name\": \"Django House Corp.\", \"fkey\": 20}], \"content_type\": 43, \"show_in_menus\": false, \"path\": \"000100010005\", \"url_path\": \"/home/broker-list/\", \"expired\": false, \"slug\": \"broker-list\", \"locked\": false, \"pk\": 20, \"depth\": 3, \"first_published_at\": null, \"expire_at\": null, \"live_revision\": null}", "approved_go_live_at": null}}, {"model": "wagtailcore.pagerevision", "pk": 29, "fields": {"page": 23, "submitted_for_moderation": false, "created_at": "2018-05-15T07:43:16.077Z", "user": 3, "content_json": "{\"search_description\": \"\", \"owner\": 3, \"latest_revision_created_at\": null, \"go_live_at\": null, \"title\": \"Broker List\", \"seo_title\": \"\", \"draft_title\": \"Broker List\", \"live\": true, \"last_published_at\": null, \"has_unpublished_changes\": false, \"numchild\": 0, \"content_type\": 41, \"show_in_menus\": false, \"path\": \"000100010006\", \"url_path\": \"/home/brokers/\", \"expired\": false, \"slug\": \"brokers\", \"locked\": false, \"pk\": 23, \"depth\": 3, \"first_published_at\": null, \"expire_at\": null, \"live_revision\": null}", "approved_go_live_at": null}}, {"model": "wagtailcore.pagerevision", "pk": 30, "fields": {"page": 24, "submitted_for_moderation": false, "created_at": "2018-05-15T07:43:57.785Z", "user": 3, "content_json": "{\"search_description\": \"\", \"owner\": 3, \"latest_revision_created_at\": null, \"go_live_at\": null, \"location_city\": \"Camberwell\", \"location_country\": \"Australia\", \"title\": \"Kate Li - Wagtail Realtors Corp.\", \"agency\": 3, \"seo_title\": \"\", \"draft_title\": \"Kate Li - Wagtail Realtors Corp.\", \"live\": true, \"last_published_at\": null, \"has_unpublished_changes\": false, \"picture\": \"uploads/broker/images/broker1_I13VCKA.jpg\", \"numchild\": 0, \"content_type\": 42, \"show_in_menus\": false, \"path\": \"0001000100060001\", \"url_path\": \"/home/brokers/kate-li-wagtail-realtors-corp/\", \"expired\": false, \"slug\": \"kate-li-wagtail-realtors-corp\", \"location_state\": \"New South Wales\", \"locked\": false, \"name\": \"Kate Li\", \"pk\": 24, \"depth\": 4, \"contact\": [{\"pk\": 1, \"contact_number\": \"1-800-5424248-9\", \"fkey\": 24}], \"first_published_at\": null, \"expire_at\": null, \"live_revision\": null}", "approved_go_live_at": null}}, {"model": "wagtailcore.pagerevision", "pk": 31, "fields": {"page": 25, "submitted_for_moderation": false, "created_at": "2018-05-15T07:44:49.892Z", "user": 3, "content_json": "{\"search_description\": \"\", \"owner\": 3, \"latest_revision_created_at\": null, \"go_live_at\": null, \"location_city\": \"Sydney\", \"location_country\": \"Australia\", \"title\": \"Harold French - Wagtail Realtors Corp.\", \"agency\": 3, \"seo_title\": \"\", \"draft_title\": \"Harold French - Wagtail Realtors Corp.\", \"live\": true, \"last_published_at\": null, \"has_unpublished_changes\": false, \"picture\": \"uploads/broker/images/broker2.jpg\", \"numchild\": 0, \"content_type\": 42, \"show_in_menus\": false, \"path\": \"0001000100060002\", \"url_path\": \"/home/brokers/harold-french-wagtail-realtors-corp/\", \"expired\": false, \"slug\": \"harold-french-wagtail-realtors-corp\", \"location_state\": \"Victoria\", \"locked\": false, \"name\": \"Harold French\", \"pk\": 25, \"depth\": 4, \"contact\": [{\"pk\": 2, \"contact_number\": \"1-800-8425122-2\", \"fkey\": 25}], \"first_published_at\": null, \"expire_at\": null, \"live_revision\": null}", "approved_go_live_at": null}}, {"model": "wagtailcore.pagerevision", "pk": 32, "fields": {"page": 26, "submitted_for_moderation": false, "created_at": "2018-05-15T07:50:14.945Z", "user": 3, "content_json": "{\"search_description\": \"\", \"owner\": 3, \"latest_revision_created_at\": null, \"go_live_at\": null, \"location_city\": \"Camberwell\", \"location_country\": \"Australia\", \"title\": \"Irene Peterson - Django House Corp.\", \"agency\": 4, \"seo_title\": \"\", \"draft_title\": \"Irene Peterson - Django House Corp.\", \"live\": true, \"last_published_at\": null, \"has_unpublished_changes\": false, \"picture\": \"uploads/broker/images/broker3.jpg\", \"numchild\": 0, \"content_type\": 42, \"show_in_menus\": false, \"path\": \"0001000100060003\", \"url_path\": \"/home/brokers/irene-peterson-django-house-corp/\", \"expired\": false, \"slug\": \"irene-peterson-django-house-corp\", \"location_state\": \"New South Wales\", \"locked\": false, \"name\": \"Irene Peterson\", \"pk\": 26, \"depth\": 4, \"contact\": [{\"pk\": 3, \"contact_number\": \"(08) 8204 1580\", \"fkey\": 26}, {\"pk\": 4, \"contact_number\": \"(08) 8727 8673\", \"fkey\": 26}], \"first_published_at\": null, \"expire_at\": null, \"live_revision\": null}", "approved_go_live_at": null}}, {"model": "wagtailcore.pagerevision", "pk": 33, "fields": {"page": 27, "submitted_for_moderation": false, "created_at": "2018-05-15T07:52:21.359Z", "user": 3, "content_json": "{\"search_description\": \"\", \"owner\": 3, \"latest_revision_created_at\": null, \"go_live_at\": null, \"location_city\": \"Mulgrave\", \"location_country\": \"Australia\", \"title\": \"Elizabeth Cruz - Django House Corp.\", \"agency\": 4, \"seo_title\": \"\", \"draft_title\": \"Elizabeth Cruz - Django House Corp.\", \"live\": true, \"last_published_at\": null, \"has_unpublished_changes\": false, \"picture\": \"uploads/broker/images/broker4.jpg\", \"numchild\": 0, \"content_type\": 42, \"show_in_menus\": false, \"path\": \"0001000100060004\", \"url_path\": \"/home/brokers/elizabeth-cruz-django-house-corp/\", \"expired\": false, \"slug\": \"elizabeth-cruz-django-house-corp\", \"location_state\": \"Victoria\", \"locked\": false, \"name\": \"Elizabeth Cruz\", \"pk\": 27, \"depth\": 4, \"contact\": [{\"pk\": 5, \"contact_number\": \"(08) 9652 5426\", \"fkey\": 27}, {\"pk\": 6, \"contact_number\": \"(08) 5715 87255\", \"fkey\": 27}], \"first_published_at\": null, \"expire_at\": null, \"live_revision\": null}", "approved_go_live_at": null}}, {"model": "wagtailcore.pagerevision", "pk": 34, "fields": {"page": 9, "submitted_for_moderation": false, "created_at": "2018-05-15T08:04:03.240Z", "user": 3, "content_json": "{\"features\": [{\"pk\": 1, \"value\": \"Blum BLUMOTION soft-close technology\", \"prop\": 9}, {\"pk\": 2, \"value\": \"Outdoor entertainment area\", \"prop\": 9}, {\"pk\": 3, \"value\": \"Stainless steel appliances\", \"prop\": 9}, {\"pk\": 4, \"value\": \"Spacious floorplans\", \"prop\": 9}], \"image\": [{\"pk\": 1, \"image\": \"uploads/2018/05/13/1.jpg\", \"description\": \"\", \"pr2\": 9}, {\"pk\": 2, \"image\": \"uploads/2018/05/13/2.jpg\", \"description\": \"\", \"pr2\": 9}, {\"pk\": 3, \"image\": \"uploads/2018/05/13/image3.jpg\", \"description\": \"\", \"pr2\": 9}, {\"pk\": 4, \"image\": \"uploads/2018/05/13/image4.jpg\", \"description\": \"\", \"pr2\": 9}, {\"pk\": 5, \"image\": \"uploads/2018/05/13/image5.jpg\", \"description\": \"\", \"pr2\": 9}, {\"pk\": 6, \"image\": \"uploads/2018/05/13/image6.jpg\", \"description\": \"\", \"pr2\": 9}, {\"pk\": 7, \"image\": \"uploads/2018/05/13/image7.jpg\", \"description\": \"\", \"pr2\": 9}], \"search_description\": \"\", \"price\": \"25713255.00\", \"owner\": 1, \"num_baths\": 3, \"lot_size\": \"500.000\", \"address_state\": \"Victoria\", \"latest_revision_created_at\": \"2018-05-13T10:10:14.894Z\", \"listed_date\": \"2016-11-17\", \"property_type\": 1, \"address_street\": \"Blair Street\", \"go_live_at\": null, \"title\": \"4 Blair Street Bentleigh Victoria Australia 3204 - For Sale\", \"address_country\": \"Australia\", \"seo_title\": \"\", \"draft_title\": \"4 Blair Street Bentleigh Victoria Australia 3204 - For Sale\", \"floor_area\": \"465.000\", \"live\": true, \"last_published_at\": \"2018-05-13T10:10:16.438Z\", \"has_unpublished_changes\": false, \"similarlistings_set\": [{\"pk\": 1, \"prop\": 9, \"fkey\": 11}, {\"pk\": 2, \"prop\": 9, \"fkey\": 12}, {\"pk\": 5, \"prop\": 9, \"fkey\": 13}, {\"pk\": 7, \"prop\": 9, \"fkey\": 14}, {\"pk\": 12, \"prop\": 9, \"fkey\": 15}, {\"pk\": 18, \"prop\": 9, \"fkey\": 16}, {\"pk\": 19, \"prop\": 9, \"fkey\": 17}, {\"pk\": 28, \"prop\": 9, \"fkey\": 18}], \"address_lotnumber\": \"4\", \"description\": \"<p>Blair\\n Fields, Bentleigh offers bright, airy and serene living spaces. Well \\nconsidered window placement of generous proportions enhance an internal \\nplace of rest and rejuvenation. <br/><br/>Luxury touches include: <br/><br/>\\u2022 Stainless steel Miele oven, cooktop, rangehood and integrated dishwasher. <br/>\\u2022 Blum BLUMOTION soft-close technology.<br/>\\u2022 Sleek dark Italian porcelain Storm Negro kitchen countertops and splashback<br/>\\u2022 Bathrooms featuring Italian Calcatta Porcelain Slabs by Maxfine<br/>\\u2022 Luxurious finishes extend to the laundry with solid stone benchtops.<br/><br/>A choice of two or three bedroom apartments with the highest quality finishes Bentleigh has to offer.<br/><br/>Visit the onsite display suite at 2-4 Blair Street, Bentleigh open Saturday &amp; Sunday 12pm - 3pm  </p>\", \"build_year\": 2015, \"purchase_mode\": 0, \"numchild\": 0, \"similarListing\": [], \"content_type\": 15, \"show_in_menus\": false, \"path\": \"0001000100030001\", \"url_path\": \"/home/properties/4-blair-street-bentleigh-victoria-australia-3204/\", \"expired\": false, \"slug\": \"4-blair-street-bentleigh-victoria-australia-3204\", \"address_zip\": 3204, \"address_city\": \"Bentleigh\", \"locked\": false, \"pk\": 9, \"num_beds\": 8, \"depth\": 4, \"first_published_at\": \"2018-05-13T10:10:16.438Z\", \"fully_furnished\": true, \"expire_at\": null, \"live_revision\": 7}", "approved_go_live_at": null}}, {"model": "wagtailcore.pagerevision", "pk": 35, "fields": {"page": 18, "submitted_for_moderation": false, "created_at": "2018-05-15T08:04:20.846Z", "user": 3, "content_json": "{\"features\": [{\"pk\": 45, \"value\": \"Intercom\", \"prop\": 18}, {\"pk\": 46, \"value\": \"Air Conditioning\", \"prop\": 18}, {\"pk\": 47, \"value\": \"Hot and cold showers\", \"prop\": 18}], \"image\": [{\"pk\": 49, \"image\": \"uploads/2018/05/14/1_CQGX0zS.jpg\", \"description\": \"\", \"pr2\": 18}, {\"pk\": 50, \"image\": \"uploads/2018/05/14/2_DAs8nuk.jpg\", \"description\": \"\", \"pr2\": 18}, {\"pk\": 51, \"image\": \"uploads/2018/05/14/3_TqldtXk.jpg\", \"description\": \"\", \"pr2\": 18}, {\"pk\": 52, \"image\": \"uploads/2018/05/14/4_unaYyA0.jpg\", \"description\": \"\", \"pr2\": 18}], \"search_description\": \"\", \"price\": \"75600000.00\", \"owner\": 3, \"num_baths\": 1, \"lot_size\": \"105.000\", \"address_state\": \"New South Wales\", \"latest_revision_created_at\": \"2018-05-14T09:55:26.404Z\", \"listed_date\": \"2016-05-24\", \"property_type\": 3, \"address_street\": \"Castlereagh Street\", \"go_live_at\": null, \"title\": \"26 Castlereagh Street Sydney New South Wales Australia 2000 - For Sale\", \"address_country\": \"Australia\", \"seo_title\": \"\", \"draft_title\": \"26 Castlereagh Street Sydney New South Wales Australia 2000 - For Sale\", \"floor_area\": \"105.000\", \"live\": true, \"last_published_at\": \"2018-05-14T09:55:27.307Z\", \"has_unpublished_changes\": false, \"similarlistings_set\": [], \"address_lotnumber\": \"26\", \"description\": \"<p>Luxury oversized studios</p> Castle Residences is an exclusive address on the doorstep to Sydney\\u2019s Hyde Park. <br/>It\\n will soon become the city\\u2019s ultimate CBD address, fusing luxurious \\ntower living with exceptional boutique hotel services. Like celebrated \\napartment houses on London\\u2019s Hyde Park or New York\\u2019s Central Park, it \\noffers an unsurpassed experience of city living. In a graceful pairing \\nof past and present, historic Porter House will house a luxury M Gallery\\n boutique hotel while an elegant new residential tower soars above. <br/><br/>Together,\\n this unique fusion of luxurious living and exceptional hotel services \\nwill create a lifestyle unmatched in a coveted Hyde Park setting; <br/><br/>- Experience exceptional world class hotel amenities with access to pool, gym, bars and business centre. <br/>- Hotel services will be accessible to residents via personalised IPad application <br/>- Apartments designed with free flowing living spaces and rich artesian detailing designed for enduring elegance and appeal <br/>-\\n Relish in luxury apartments complete with interiors of the highest \\nquality with timber and stone floors and Miele and Gaggenau appliances. <br/>-\\n Enjoy a coveted Hyde Park setting, living so close to the flourishing \\ngreen of Hyde park which brings a special quality to Sydney metropolitan\\n life <br/>- Apartments designed to maximise beautiful city and park views<br/><br/>This\\n statement tower has been many years in the making in a stunning \\ncollaboration by award winning architects Candelapas Associates, \\ninterior designer Studio Aria and developer Shanghai United.  Castle \\nresidences\\u2019 combines historical and contemporary form in an \\nextraordinary way \\u2013 all set against the backdrop of beautiful Hyde Park.<br/><br/>Now Selling<br/>Enquire now for this limited opportunity. <br/><br/>Display suite open 7 days 11am-4pm <br/>Level 21, 201 Elizabeth Street, Sydney<br/><br/>Visit castleresidences.com.au or call 1800 775 685 for more information\", \"build_year\": 2014, \"purchase_mode\": 0, \"numchild\": 0, \"similarListing\": [{\"pk\": 28, \"prop\": 9, \"fkey\": 18}, {\"pk\": 27, \"prop\": 13, \"fkey\": 18}, {\"pk\": 25, \"prop\": 14, \"fkey\": 18}, {\"pk\": 24, \"prop\": 15, \"fkey\": 18}, {\"pk\": 26, \"prop\": 16, \"fkey\": 18}], \"content_type\": 15, \"show_in_menus\": false, \"path\": \"0001000100030009\", \"url_path\": \"/home/properties/26-castlereagh-street-sydney-new-south-wales-australia-2000/\", \"expired\": false, \"slug\": \"26-castlereagh-street-sydney-new-south-wales-australia-2000\", \"address_zip\": 2000, \"address_city\": \"Sydney\", \"locked\": false, \"pk\": 18, \"num_beds\": 2, \"depth\": 4, \"first_published_at\": \"2018-05-14T09:55:27.307Z\", \"fully_furnished\": true, \"expire_at\": null, \"live_revision\": 18}", "approved_go_live_at": null}}, {"model": "wagtailcore.pagerevision", "pk": 36, "fields": {"page": 17, "submitted_for_moderation": false, "created_at": "2018-05-15T08:04:39.140Z", "user": 3, "content_json": "{\"features\": [{\"pk\": 37, \"value\": \"Two generous double bedrooms with balcony access\", \"prop\": 17}, {\"pk\": 38, \"value\": \"High floor\", \"prop\": 17}, {\"pk\": 39, \"value\": \"Two modern bathrooms, main bedroom with ensuite\", \"prop\": 17}, {\"pk\": 40, \"value\": \"Large gas kitchen with granite bench tops\", \"prop\": 17}, {\"pk\": 41, \"value\": \"Impressive gym, pool, spa, sauna, squash court\", \"prop\": 17}, {\"pk\": 42, \"value\": \"Games room\", \"prop\": 17}, {\"pk\": 43, \"value\": \"On-site concierge\", \"prop\": 17}, {\"pk\": 44, \"value\": \"ducted air-conditioning throughout\", \"prop\": 17}], \"image\": [{\"pk\": 44, \"image\": \"uploads/2018/05/14/1_UY2KXU1.jpg\", \"description\": \"\", \"pr2\": 17}, {\"pk\": 45, \"image\": \"uploads/2018/05/14/2_hf86D0U.jpg\", \"description\": \"\", \"pr2\": 17}, {\"pk\": 46, \"image\": \"uploads/2018/05/14/3_gmD5uip.jpg\", \"description\": \"\", \"pr2\": 17}, {\"pk\": 47, \"image\": \"uploads/2018/05/14/4_MyMs2T0.jpg\", \"description\": \"\", \"pr2\": 17}, {\"pk\": 48, \"image\": \"uploads/2018/05/14/5_HV4xKlW.jpg\", \"description\": \"\", \"pr2\": 17}], \"search_description\": \"\", \"price\": \"59379000.00\", \"owner\": 3, \"num_baths\": 2, \"lot_size\": \"107.000\", \"address_state\": \"New South Wales\", \"latest_revision_created_at\": \"2018-05-14T09:45:28.614Z\", \"listed_date\": \"2018-01-19\", \"property_type\": 2, \"address_street\": \"Sussex Street\", \"go_live_at\": null, \"title\": \"222 Sussex Street Sydney New South Wales Australia 2000 - For Sale\", \"address_country\": \"Australia\", \"seo_title\": \"\", \"draft_title\": \"222 Sussex Street Sydney New South Wales Australia 2000 - For Sale\", \"floor_area\": \"104.000\", \"live\": true, \"last_published_at\": \"2018-05-14T09:45:29.701Z\", \"has_unpublished_changes\": false, \"similarlistings_set\": [], \"address_lotnumber\": \"222\", \"description\": \"A rare opportunity to own a high floor North East corner apartment in \\none of Sydney\\u2019s most popular residences, Astoria Tower. Enjoying far \\nreaching water views and intimate city views that take in the Sydney \\nTower, QVB and Town Hall, this apartment is sure to impress. With a \\ngenerous floorplan and an abundance of natural light, the property is \\nvery well-presented and ready to occupy and enjoy the convenience of \\nmid-city apartment living. With high tenant demand, strong capital \\ngrowth prospects in an increasingly exciting city to live, the property \\nalso provides a solid investment choice. The tightly held Astoria Tower \\nis ideally positioned within an easy walk to Darling Harbour, Cockle Bay\\n restaurants and bars, QVB, and Town Hall. An ideal city residence to \\nenjoy the best Sydney has to offer. <br/><br/>High floor, 107sqm &amp; North East corner with water &amp; city views <br/>Two generous double bedrooms with balcony access, b/ins<br/>Two modern bathrooms, main bedroom with ensuite <br/>Large gas kitchen with granite bench tops, Smeg appliances<br/>Very rare for the Sydney CBD, secure lock-up garage on title<br/>Impressive gym, pool, spa, sauna, squash court, games room<br/>On-site concierge, with only four apartments per floor<br/>Large, practical floorplan, ducted air-conditioning throughout<br/><br/>Strata: $2,761.98 p/q <br/>Water: $177 p/q <br/><p>Council: $264 p/q</p>\", \"build_year\": 2014, \"purchase_mode\": 0, \"numchild\": 0, \"similarListing\": [{\"pk\": 19, \"prop\": 9, \"fkey\": 17}, {\"pk\": 20, \"prop\": 11, \"fkey\": 17}, {\"pk\": 21, \"prop\": 12, \"fkey\": 17}, {\"pk\": 22, \"prop\": 13, \"fkey\": 17}, {\"pk\": 23, \"prop\": 14, \"fkey\": 17}], \"content_type\": 15, \"show_in_menus\": false, \"path\": \"0001000100030008\", \"url_path\": \"/home/properties/222-sussex-street-sydney-new-south-wales-australia-2000/\", \"expired\": false, \"slug\": \"222-sussex-street-sydney-new-south-wales-australia-2000\", \"address_zip\": 2000, \"address_city\": \"Sydney\", \"locked\": false, \"pk\": 17, \"num_beds\": 2, \"depth\": 4, \"first_published_at\": \"2018-05-14T09:45:29.701Z\", \"fully_furnished\": false, \"expire_at\": null, \"live_revision\": 17}", "approved_go_live_at": null}}, {"model": "wagtailcore.pagerevision", "pk": 37, "fields": {"page": 16, "submitted_for_moderation": false, "created_at": "2018-05-15T08:04:52.274Z", "user": 3, "content_json": "{\"features\": [{\"pk\": 34, \"value\": \"Landmark Designer\", \"prop\": 16}, {\"pk\": 35, \"value\": \"Landmark Designer\", \"prop\": 16}, {\"pk\": 36, \"value\": \"Spectacular 180\\u00ba Harbour Views\", \"prop\": 16}], \"image\": [{\"pk\": 39, \"image\": \"uploads/2018/05/14/1_kE7A4Ks.jpg\", \"description\": \"\", \"pr2\": 16}, {\"pk\": 40, \"image\": \"uploads/2018/05/14/2_s5ssR9Y.jpg\", \"description\": \"\", \"pr2\": 16}, {\"pk\": 41, \"image\": \"uploads/2018/05/14/3_GIcbKQG.jpg\", \"description\": \"\", \"pr2\": 16}, {\"pk\": 42, \"image\": \"uploads/2018/05/14/4_nVM6re8.jpg\", \"description\": \"\", \"pr2\": 16}, {\"pk\": 43, \"image\": \"uploads/2018/05/14/5.jpg\", \"description\": \"\", \"pr2\": 16}], \"search_description\": \"\", \"price\": \"49500000.00\", \"owner\": 3, \"num_baths\": 1, \"lot_size\": \"72.000\", \"address_state\": \"New South Wales\", \"latest_revision_created_at\": \"2018-05-14T09:40:42.240Z\", \"listed_date\": \"2017-04-14\", \"property_type\": 1, \"address_street\": \"Barangaroo Avenue\", \"go_live_at\": null, \"title\": \"19 Barangaroo Avenue Sydney New South Wales Australia 2000 - For Sale\", \"address_country\": \"Australia\", \"seo_title\": \"\", \"draft_title\": \"19 Barangaroo Avenue Sydney New South Wales Australia 2000 - For Sale\", \"floor_area\": \"72.000\", \"live\": true, \"last_published_at\": \"2018-05-14T09:40:43.932Z\", \"has_unpublished_changes\": false, \"similarlistings_set\": [{\"pk\": 26, \"prop\": 16, \"fkey\": 18}], \"address_lotnumber\": \"19\", \"description\": \"This sophisticated 72m2 pet-friendly apartment is prestigiously located \\nwithin the heart of Barangaroo, Sydney\\u2019s flagship harbourside \\ndestination. Privately positioned on the second floor within \\u2018Anadara\\u2019, a\\n breathtaking waterfront apartment building, awarded \\u2018Gold Winner of the\\n 2016 Sydney Design\\u2019 awards. Setting a new benchmark for urban design \\nand sustainable living, this extraordinary building is the collaboration\\n of <b>renowned architect Richard-Francis Jones and SJB Interiors.</b><br/><br/>Upon\\n entry, with secure level lift access, your eye is immediately drawn to \\nthe phenomenal and uninterrupted 180\\u00ba harbour views. A plush modern \\nkitchen and internal laundry is luxuriously appointed with Miele \\nappliances and stone benchtops. Spacious and light filled interiors \\nfeature floor to ceiling glass and stunning wide engineered timber \\nfloors. Open plan living and dining leads onto a generous balcony \\ncapturing sweeping views across Darling Harbour, Balmain and Goat \\nIsland. Accommodation comprises Master bedroom with impressive mirrored \\nwardrobes and opens onto the outdoor balcony directly overlooking \\nDarling Harbour. A deluxe bathroom features glazed tiles and \\nhigh-quality finishes. Additional attributes to this designer apartment \\ninclude reverse-cycle air-conditioning, CCTV security and intercom plus \\nstorage cage.<br/><br/>\\u2018Anadara\\u2019 has achieved an outstanding 5 Star Green \\nStar rating offering the best in sustainability befitting its premium \\nwaterfront location.\\u00a0Features of this include; moveable louvres creating\\n privacy and climate control, acoustic insulation, thermal double \\nglazing, solar powered lighting, chilled water, recycled water treatment\\n plant. <br/><br/><p>\\u2018Anadara\\u2019 offers an ultra-convenient, chic inner-city \\nhome or superb investment opportunity. Uniquely located within 5 \\nminutes\\u2019 walk of the CBD within footsteps of every conceivable amenity \\nincluding Barangaroo ferry wharfs, world class restaurants, cafes, bars,\\n theatres, gyms, child day care, shops, and neighbouring Crown Casino, \\nsoon to be NSW\\u2019s first 6-star hotel. Within close proximity to Circular \\nQuay, The Rocks and the iconic Sydney Harbour Bridge and Opera House.</p>\", \"build_year\": 2017, \"purchase_mode\": 0, \"numchild\": 0, \"similarListing\": [{\"pk\": 18, \"prop\": 9, \"fkey\": 16}, {\"pk\": 15, \"prop\": 11, \"fkey\": 16}, {\"pk\": 16, \"prop\": 13, \"fkey\": 16}, {\"pk\": 17, \"prop\": 15, \"fkey\": 16}], \"content_type\": 15, \"show_in_menus\": false, \"path\": \"0001000100030007\", \"url_path\": \"/home/properties/19-barangaroo-avenue-sydney-new-south-wales-australia-2000/\", \"expired\": false, \"slug\": \"19-barangaroo-avenue-sydney-new-south-wales-australia-2000\", \"address_zip\": 2000, \"address_city\": \"Sydney\", \"locked\": false, \"pk\": 16, \"num_beds\": 1, \"depth\": 4, \"first_published_at\": \"2018-05-14T09:40:43.932Z\", \"fully_furnished\": true, \"expire_at\": null, \"live_revision\": 16}", "approved_go_live_at": null}}, {"model": "wagtailcore.pagerevision", "pk": 38, "fields": {"page": 18, "submitted_for_moderation": false, "created_at": "2018-05-15T08:06:52.597Z", "user": 3, "content_json": "{\"features\": [{\"pk\": 45, \"value\": \"Intercom\", \"prop\": 18}, {\"pk\": 46, \"value\": \"Air Conditioning\", \"prop\": 18}, {\"pk\": 47, \"value\": \"Hot and cold showers\", \"prop\": 18}], \"image\": [{\"pk\": 49, \"image\": \"uploads/2018/05/14/1_CQGX0zS.jpg\", \"description\": \"\", \"pr2\": 18}, {\"pk\": 50, \"image\": \"uploads/2018/05/14/2_DAs8nuk.jpg\", \"description\": \"\", \"pr2\": 18}, {\"pk\": 51, \"image\": \"uploads/2018/05/14/3_TqldtXk.jpg\", \"description\": \"\", \"pr2\": 18}, {\"pk\": 52, \"image\": \"uploads/2018/05/14/4_unaYyA0.jpg\", \"description\": \"\", \"pr2\": 18}], \"search_description\": \"\", \"price\": \"75600000.00\", \"owner\": 3, \"num_baths\": 1, \"lot_size\": \"105.000\", \"address_state\": \"New South Wales\", \"latest_revision_created_at\": \"2018-05-15T08:04:20.846Z\", \"listed_date\": \"2016-05-24\", \"property_type\": 3, \"address_street\": \"Castlereagh Street\", \"go_live_at\": null, \"title\": \"26 Castlereagh Street Sydney New South Wales Australia 2000 - For Sale\", \"address_country\": \"Australia\", \"seo_title\": \"\", \"draft_title\": \"26 Castlereagh Street Sydney New South Wales Australia 2000 - For Sale\", \"floor_area\": \"105.000\", \"live\": true, \"last_published_at\": \"2018-05-15T08:04:21.505Z\", \"has_unpublished_changes\": false, \"similarlistings_set\": [], \"address_lotnumber\": \"26\", \"description\": \"<p>Luxury oversized studios</p> Castle Residences is an exclusive address on the doorstep to Sydney\\u2019s Hyde Park. <br/>It\\n will soon become the city\\u2019s ultimate CBD address, fusing luxurious \\ntower living with exceptional boutique hotel services. Like celebrated \\napartment houses on London\\u2019s Hyde Park or New York\\u2019s Central Park, it \\noffers an unsurpassed experience of city living. In a graceful pairing \\nof past and present, historic Porter House will house a luxury M Gallery\\n boutique hotel while an elegant new residential tower soars above. <br/><br/>Together,\\n this unique fusion of luxurious living and exceptional hotel services \\nwill create a lifestyle unmatched in a coveted Hyde Park setting; <br/><br/>- Experience exceptional world class hotel amenities with access to pool, gym, bars and business centre. <br/>- Hotel services will be accessible to residents via personalised IPad application <br/>- Apartments designed with free flowing living spaces and rich artesian detailing designed for enduring elegance and appeal <br/>-\\n Relish in luxury apartments complete with interiors of the highest \\nquality with timber and stone floors and Miele and Gaggenau appliances. <br/>-\\n Enjoy a coveted Hyde Park setting, living so close to the flourishing \\ngreen of Hyde park which brings a special quality to Sydney metropolitan\\n life <br/>- Apartments designed to maximise beautiful city and park views<br/><br/>This\\n statement tower has been many years in the making in a stunning \\ncollaboration by award winning architects Candelapas Associates, \\ninterior designer Studio Aria and developer Shanghai United.  Castle \\nresidences\\u2019 combines historical and contemporary form in an \\nextraordinary way \\u2013 all set against the backdrop of beautiful Hyde Park.<br/><br/>Now Selling<br/>Enquire now for this limited opportunity. <br/><br/>Display suite open 7 days 11am-4pm <br/>Level 21, 201 Elizabeth Street, Sydney<br/><br/>Visit castleresidences.com.au or call 1800 775 685 for more information\", \"build_year\": 2014, \"purchase_mode\": 0, \"numchild\": 0, \"similarListing\": [{\"pk\": 28, \"prop\": 9, \"fkey\": 18}, {\"pk\": 27, \"prop\": 13, \"fkey\": 18}, {\"pk\": 25, \"prop\": 14, \"fkey\": 18}, {\"pk\": 24, \"prop\": 15, \"fkey\": 18}, {\"pk\": 26, \"prop\": 16, \"fkey\": 18}], \"content_type\": 15, \"show_in_menus\": false, \"path\": \"0001000100030009\", \"url_path\": \"/home/properties/26-castlereagh-street-sydney-new-south-wales-australia-2000/\", \"expired\": false, \"slug\": \"26-castlereagh-street-sydney-new-south-wales-australia-2000\", \"address_zip\": 2000, \"address_city\": \"Sydney\", \"locked\": false, \"pk\": 18, \"num_beds\": 2, \"depth\": 4, \"first_published_at\": \"2018-05-14T09:55:27.307Z\", \"fully_furnished\": true, \"expire_at\": null, \"live_revision\": 35}", "approved_go_live_at": null}}, {"model": "wagtailcore.pagerevision", "pk": 39, "fields": {"page": 9, "submitted_for_moderation": false, "created_at": "2018-05-15T08:07:10.560Z", "user": 3, "content_json": "{\"features\": [{\"pk\": 1, \"value\": \"Blum BLUMOTION soft-close technology\", \"prop\": 9}, {\"pk\": 2, \"value\": \"Outdoor entertainment area\", \"prop\": 9}, {\"pk\": 3, \"value\": \"Stainless steel appliances\", \"prop\": 9}, {\"pk\": 4, \"value\": \"Spacious floorplans\", \"prop\": 9}], \"image\": [{\"pk\": 1, \"image\": \"uploads/2018/05/13/1.jpg\", \"description\": \"\", \"pr2\": 9}, {\"pk\": 2, \"image\": \"uploads/2018/05/13/2.jpg\", \"description\": \"\", \"pr2\": 9}, {\"pk\": 3, \"image\": \"uploads/2018/05/13/image3.jpg\", \"description\": \"\", \"pr2\": 9}, {\"pk\": 4, \"image\": \"uploads/2018/05/13/image4.jpg\", \"description\": \"\", \"pr2\": 9}, {\"pk\": 5, \"image\": \"uploads/2018/05/13/image5.jpg\", \"description\": \"\", \"pr2\": 9}, {\"pk\": 6, \"image\": \"uploads/2018/05/13/image6.jpg\", \"description\": \"\", \"pr2\": 9}, {\"pk\": 7, \"image\": \"uploads/2018/05/13/image7.jpg\", \"description\": \"\", \"pr2\": 9}], \"search_description\": \"\", \"price\": \"25713255.00\", \"owner\": 1, \"num_baths\": 3, \"lot_size\": \"500.000\", \"address_state\": \"Victoria\", \"latest_revision_created_at\": \"2018-05-15T08:04:03.240Z\", \"listed_date\": \"2016-11-17\", \"property_type\": 1, \"address_street\": \"Blair Street\", \"go_live_at\": null, \"title\": \"4 Blair Street Bentleigh Victoria Australia 3204 - For Sale\", \"address_country\": \"Australia\", \"seo_title\": \"\", \"draft_title\": \"4 Blair Street Bentleigh Victoria Australia 3204 - For Sale\", \"floor_area\": \"465.000\", \"live\": true, \"last_published_at\": \"2018-05-15T08:04:03.986Z\", \"has_unpublished_changes\": false, \"similarlistings_set\": [{\"pk\": 1, \"prop\": 9, \"fkey\": 11}, {\"pk\": 2, \"prop\": 9, \"fkey\": 12}, {\"pk\": 5, \"prop\": 9, \"fkey\": 13}, {\"pk\": 7, \"prop\": 9, \"fkey\": 14}, {\"pk\": 12, \"prop\": 9, \"fkey\": 15}, {\"pk\": 18, \"prop\": 9, \"fkey\": 16}, {\"pk\": 19, \"prop\": 9, \"fkey\": 17}, {\"pk\": 28, \"prop\": 9, \"fkey\": 18}], \"address_lotnumber\": \"4\", \"description\": \"<p>Blair\\n Fields, Bentleigh offers bright, airy and serene living spaces. Well \\nconsidered window placement of generous proportions enhance an internal \\nplace of rest and rejuvenation. <br/><br/>Luxury touches include: <br/><br/>\\u2022 Stainless steel Miele oven, cooktop, rangehood and integrated dishwasher. <br/>\\u2022 Blum BLUMOTION soft-close technology.<br/>\\u2022 Sleek dark Italian porcelain Storm Negro kitchen countertops and splashback<br/>\\u2022 Bathrooms featuring Italian Calcatta Porcelain Slabs by Maxfine<br/>\\u2022 Luxurious finishes extend to the laundry with solid stone benchtops.<br/><br/>A choice of two or three bedroom apartments with the highest quality finishes Bentleigh has to offer.<br/><br/>Visit the onsite display suite at 2-4 Blair Street, Bentleigh open Saturday &amp; Sunday 12pm - 3pm  </p>\", \"build_year\": 2015, \"purchase_mode\": 0, \"numchild\": 0, \"similarListing\": [], \"content_type\": 15, \"show_in_menus\": false, \"path\": \"0001000100030001\", \"url_path\": \"/home/properties/4-blair-street-bentleigh-victoria-australia-3204/\", \"expired\": false, \"slug\": \"4-blair-street-bentleigh-victoria-australia-3204\", \"address_zip\": 3204, \"address_city\": \"Bentleigh\", \"locked\": false, \"pk\": 9, \"num_beds\": 8, \"depth\": 4, \"first_published_at\": \"2018-05-13T10:10:16.438Z\", \"fully_furnished\": true, \"expire_at\": null, \"live_revision\": 34}", "approved_go_live_at": null}}, {"model": "wagtailcore.pagerevision", "pk": 40, "fields": {"page": 9, "submitted_for_moderation": false, "created_at": "2018-05-15T08:21:44.371Z", "user": 3, "content_json": "{\"features\": [{\"pk\": 1, \"value\": \"Blum BLUMOTION soft-close technology\", \"prop\": 9}, {\"pk\": 2, \"value\": \"Outdoor entertainment area\", \"prop\": 9}, {\"pk\": 3, \"value\": \"Stainless steel appliances\", \"prop\": 9}, {\"pk\": 4, \"value\": \"Spacious floorplans\", \"prop\": 9}], \"image\": [{\"pk\": 1, \"image\": \"uploads/2018/05/13/1.jpg\", \"description\": \"\", \"pr2\": 9}, {\"pk\": 2, \"image\": \"uploads/2018/05/13/2.jpg\", \"description\": \"\", \"pr2\": 9}, {\"pk\": 3, \"image\": \"uploads/2018/05/13/image3.jpg\", \"description\": \"\", \"pr2\": 9}, {\"pk\": 4, \"image\": \"uploads/2018/05/13/image4.jpg\", \"description\": \"\", \"pr2\": 9}, {\"pk\": 5, \"image\": \"uploads/2018/05/13/image5.jpg\", \"description\": \"\", \"pr2\": 9}, {\"pk\": 6, \"image\": \"uploads/2018/05/13/image6.jpg\", \"description\": \"\", \"pr2\": 9}, {\"pk\": 7, \"image\": \"uploads/2018/05/13/image7.jpg\", \"description\": \"\", \"pr2\": 9}], \"search_description\": \"\", \"price\": \"25713255.00\", \"owner\": 1, \"num_baths\": 3, \"lot_size\": \"500.000\", \"address_state\": \"Victoria\", \"latest_revision_created_at\": \"2018-05-15T08:07:10.560Z\", \"listed_date\": \"2016-11-17\", \"property_type\": 1, \"address_street\": \"Blair Street\", \"go_live_at\": null, \"title\": \"4 Blair Street Bentleigh Victoria Australia 3204 - For Sale\", \"address_country\": \"Australia\", \"seo_title\": \"\", \"draft_title\": \"4 Blair Street Bentleigh Victoria Australia 3204 - For Sale\", \"floor_area\": \"465.000\", \"live\": true, \"last_published_at\": \"2018-05-15T08:07:11.380Z\", \"has_unpublished_changes\": false, \"similarlistings_set\": [{\"pk\": 1, \"prop\": 9, \"fkey\": 11}, {\"pk\": 2, \"prop\": 9, \"fkey\": 12}, {\"pk\": 5, \"prop\": 9, \"fkey\": 13}, {\"pk\": 7, \"prop\": 9, \"fkey\": 14}, {\"pk\": 12, \"prop\": 9, \"fkey\": 15}, {\"pk\": 18, \"prop\": 9, \"fkey\": 16}, {\"pk\": 19, \"prop\": 9, \"fkey\": 17}, {\"pk\": 28, \"prop\": 9, \"fkey\": 18}], \"address_lotnumber\": \"4\", \"description\": \"<p>Blair\\n Fields, Bentleigh offers bright, airy and serene living spaces. Well \\nconsidered window placement of generous proportions enhance an internal \\nplace of rest and rejuvenation. <br/><br/>Luxury touches include: <br/><br/>\\u2022 Stainless steel Miele oven, cooktop, rangehood and integrated dishwasher. <br/>\\u2022 Blum BLUMOTION soft-close technology.<br/>\\u2022 Sleek dark Italian porcelain Storm Negro kitchen countertops and splashback<br/>\\u2022 Bathrooms featuring Italian Calcatta Porcelain Slabs by Maxfine<br/>\\u2022 Luxurious finishes extend to the laundry with solid stone benchtops.<br/><br/>A choice of two or three bedroom apartments with the highest quality finishes Bentleigh has to offer.<br/><br/>Visit the onsite display suite at 2-4 Blair Street, Bentleigh open Saturday &amp; Sunday 12pm - 3pm  </p>\", \"build_year\": 2015, \"purchase_mode\": 0, \"numchild\": 0, \"similarListing\": [], \"brokers\": [{\"pk\": null, \"broker\": 24, \"prop\": 9}, {\"pk\": null, \"broker\": 25, \"prop\": 9}], \"content_type\": 15, \"show_in_menus\": false, \"path\": \"0001000100030001\", \"url_path\": \"/home/properties/4-blair-street-bentleigh-victoria-australia-3204/\", \"expired\": false, \"slug\": \"4-blair-street-bentleigh-victoria-australia-3204\", \"address_zip\": 3204, \"address_city\": \"Bentleigh\", \"locked\": false, \"pk\": 9, \"num_beds\": 8, \"depth\": 4, \"first_published_at\": \"2018-05-13T10:10:16.438Z\", \"fully_furnished\": true, \"expire_at\": null, \"live_revision\": 39}", "approved_go_live_at": null}}, {"model": "wagtailcore.pagerevision", "pk": 41, "fields": {"page": 18, "submitted_for_moderation": false, "created_at": "2018-05-15T08:22:21.757Z", "user": 3, "content_json": "{\"features\": [{\"pk\": 45, \"value\": \"Intercom\", \"prop\": 18}, {\"pk\": 46, \"value\": \"Air Conditioning\", \"prop\": 18}, {\"pk\": 47, \"value\": \"Hot and cold showers\", \"prop\": 18}], \"image\": [{\"pk\": 49, \"image\": \"uploads/2018/05/14/1_CQGX0zS.jpg\", \"description\": \"\", \"pr2\": 18}, {\"pk\": 50, \"image\": \"uploads/2018/05/14/2_DAs8nuk.jpg\", \"description\": \"\", \"pr2\": 18}, {\"pk\": 51, \"image\": \"uploads/2018/05/14/3_TqldtXk.jpg\", \"description\": \"\", \"pr2\": 18}, {\"pk\": 52, \"image\": \"uploads/2018/05/14/4_unaYyA0.jpg\", \"description\": \"\", \"pr2\": 18}], \"search_description\": \"\", \"price\": \"75600000.00\", \"owner\": 3, \"num_baths\": 1, \"lot_size\": \"105.000\", \"address_state\": \"New South Wales\", \"latest_revision_created_at\": \"2018-05-15T08:06:52.597Z\", \"listed_date\": \"2016-05-24\", \"property_type\": 3, \"address_street\": \"Castlereagh Street\", \"go_live_at\": null, \"title\": \"26 Castlereagh Street Sydney New South Wales Australia 2000 - For Sale\", \"address_country\": \"Australia\", \"seo_title\": \"\", \"draft_title\": \"26 Castlereagh Street Sydney New South Wales Australia 2000 - For Sale\", \"floor_area\": \"105.000\", \"live\": true, \"last_published_at\": \"2018-05-15T08:06:53.629Z\", \"has_unpublished_changes\": false, \"similarlistings_set\": [], \"address_lotnumber\": \"26\", \"description\": \"<p>Luxury oversized studios</p> Castle Residences is an exclusive address on the doorstep to Sydney\\u2019s Hyde Park. <br/>It\\n will soon become the city\\u2019s ultimate CBD address, fusing luxurious \\ntower living with exceptional boutique hotel services. Like celebrated \\napartment houses on London\\u2019s Hyde Park or New York\\u2019s Central Park, it \\noffers an unsurpassed experience of city living. In a graceful pairing \\nof past and present, historic Porter House will house a luxury M Gallery\\n boutique hotel while an elegant new residential tower soars above. <br/><br/>Together,\\n this unique fusion of luxurious living and exceptional hotel services \\nwill create a lifestyle unmatched in a coveted Hyde Park setting; <br/><br/>- Experience exceptional world class hotel amenities with access to pool, gym, bars and business centre. <br/>- Hotel services will be accessible to residents via personalised IPad application <br/>- Apartments designed with free flowing living spaces and rich artesian detailing designed for enduring elegance and appeal <br/>-\\n Relish in luxury apartments complete with interiors of the highest \\nquality with timber and stone floors and Miele and Gaggenau appliances. <br/>-\\n Enjoy a coveted Hyde Park setting, living so close to the flourishing \\ngreen of Hyde park which brings a special quality to Sydney metropolitan\\n life <br/>- Apartments designed to maximise beautiful city and park views<br/><br/>This\\n statement tower has been many years in the making in a stunning \\ncollaboration by award winning architects Candelapas Associates, \\ninterior designer Studio Aria and developer Shanghai United.  Castle \\nresidences\\u2019 combines historical and contemporary form in an \\nextraordinary way \\u2013 all set against the backdrop of beautiful Hyde Park.<br/><br/>Now Selling<br/>Enquire now for this limited opportunity. <br/><br/>Display suite open 7 days 11am-4pm <br/>Level 21, 201 Elizabeth Street, Sydney<br/><br/>Visit castleresidences.com.au or call 1800 775 685 for more information\", \"build_year\": 2014, \"purchase_mode\": 0, \"numchild\": 0, \"similarListing\": [{\"pk\": 28, \"prop\": 9, \"fkey\": 18}, {\"pk\": 27, \"prop\": 13, \"fkey\": 18}, {\"pk\": 25, \"prop\": 14, \"fkey\": 18}, {\"pk\": 24, \"prop\": 15, \"fkey\": 18}, {\"pk\": 26, \"prop\": 16, \"fkey\": 18}], \"brokers\": [{\"pk\": null, \"broker\": 26, \"prop\": 18}], \"content_type\": 15, \"show_in_menus\": false, \"path\": \"0001000100030009\", \"url_path\": \"/home/properties/26-castlereagh-street-sydney-new-south-wales-australia-2000/\", \"expired\": false, \"slug\": \"26-castlereagh-street-sydney-new-south-wales-australia-2000\", \"address_zip\": 2000, \"address_city\": \"Sydney\", \"locked\": false, \"pk\": 18, \"num_beds\": 2, \"depth\": 4, \"first_published_at\": \"2018-05-14T09:55:27.307Z\", \"fully_furnished\": true, \"expire_at\": null, \"live_revision\": 38}", "approved_go_live_at": null}}, {"model": "wagtailcore.pagerevision", "pk": 42, "fields": {"page": 16, "submitted_for_moderation": false, "created_at": "2018-05-15T08:22:40.613Z", "user": 3, "content_json": "{\"features\": [{\"pk\": 34, \"value\": \"Landmark Designer\", \"prop\": 16}, {\"pk\": 35, \"value\": \"Landmark Designer\", \"prop\": 16}, {\"pk\": 36, \"value\": \"Spectacular 180\\u00ba Harbour Views\", \"prop\": 16}], \"image\": [{\"pk\": 39, \"image\": \"uploads/2018/05/14/1_kE7A4Ks.jpg\", \"description\": \"\", \"pr2\": 16}, {\"pk\": 40, \"image\": \"uploads/2018/05/14/2_s5ssR9Y.jpg\", \"description\": \"\", \"pr2\": 16}, {\"pk\": 41, \"image\": \"uploads/2018/05/14/3_GIcbKQG.jpg\", \"description\": \"\", \"pr2\": 16}, {\"pk\": 42, \"image\": \"uploads/2018/05/14/4_nVM6re8.jpg\", \"description\": \"\", \"pr2\": 16}, {\"pk\": 43, \"image\": \"uploads/2018/05/14/5.jpg\", \"description\": \"\", \"pr2\": 16}], \"search_description\": \"\", \"price\": \"49500000.00\", \"owner\": 3, \"num_baths\": 1, \"lot_size\": \"72.000\", \"address_state\": \"New South Wales\", \"latest_revision_created_at\": \"2018-05-15T08:04:52.274Z\", \"listed_date\": \"2017-04-14\", \"property_type\": 1, \"address_street\": \"Barangaroo Avenue\", \"go_live_at\": null, \"title\": \"19 Barangaroo Avenue Sydney New South Wales Australia 2000 - For Sale\", \"address_country\": \"Australia\", \"seo_title\": \"\", \"draft_title\": \"19 Barangaroo Avenue Sydney New South Wales Australia 2000 - For Sale\", \"floor_area\": \"72.000\", \"live\": true, \"last_published_at\": \"2018-05-15T08:04:53.025Z\", \"has_unpublished_changes\": false, \"similarlistings_set\": [{\"pk\": 26, \"prop\": 16, \"fkey\": 18}], \"address_lotnumber\": \"19\", \"description\": \"This sophisticated 72m2 pet-friendly apartment is prestigiously located \\nwithin the heart of Barangaroo, Sydney\\u2019s flagship harbourside \\ndestination. Privately positioned on the second floor within \\u2018Anadara\\u2019, a\\n breathtaking waterfront apartment building, awarded \\u2018Gold Winner of the\\n 2016 Sydney Design\\u2019 awards. Setting a new benchmark for urban design \\nand sustainable living, this extraordinary building is the collaboration\\n of <b>renowned architect Richard-Francis Jones and SJB Interiors.</b><br/><br/>Upon\\n entry, with secure level lift access, your eye is immediately drawn to \\nthe phenomenal and uninterrupted 180\\u00ba harbour views. A plush modern \\nkitchen and internal laundry is luxuriously appointed with Miele \\nappliances and stone benchtops. Spacious and light filled interiors \\nfeature floor to ceiling glass and stunning wide engineered timber \\nfloors. Open plan living and dining leads onto a generous balcony \\ncapturing sweeping views across Darling Harbour, Balmain and Goat \\nIsland. Accommodation comprises Master bedroom with impressive mirrored \\nwardrobes and opens onto the outdoor balcony directly overlooking \\nDarling Harbour. A deluxe bathroom features glazed tiles and \\nhigh-quality finishes. Additional attributes to this designer apartment \\ninclude reverse-cycle air-conditioning, CCTV security and intercom plus \\nstorage cage.<br/><br/>\\u2018Anadara\\u2019 has achieved an outstanding 5 Star Green \\nStar rating offering the best in sustainability befitting its premium \\nwaterfront location.\\u00a0Features of this include; moveable louvres creating\\n privacy and climate control, acoustic insulation, thermal double \\nglazing, solar powered lighting, chilled water, recycled water treatment\\n plant. <br/><br/><p>\\u2018Anadara\\u2019 offers an ultra-convenient, chic inner-city \\nhome or superb investment opportunity. Uniquely located within 5 \\nminutes\\u2019 walk of the CBD within footsteps of every conceivable amenity \\nincluding Barangaroo ferry wharfs, world class restaurants, cafes, bars,\\n theatres, gyms, child day care, shops, and neighbouring Crown Casino, \\nsoon to be NSW\\u2019s first 6-star hotel. Within close proximity to Circular \\nQuay, The Rocks and the iconic Sydney Harbour Bridge and Opera House.</p>\", \"build_year\": 2017, \"purchase_mode\": 0, \"numchild\": 0, \"similarListing\": [{\"pk\": 18, \"prop\": 9, \"fkey\": 16}, {\"pk\": 15, \"prop\": 11, \"fkey\": 16}, {\"pk\": 16, \"prop\": 13, \"fkey\": 16}, {\"pk\": 17, \"prop\": 15, \"fkey\": 16}], \"brokers\": [{\"pk\": null, \"broker\": 24, \"prop\": 16}, {\"pk\": null, \"broker\": 25, \"prop\": 16}], \"content_type\": 15, \"show_in_menus\": false, \"path\": \"0001000100030007\", \"url_path\": \"/home/properties/19-barangaroo-avenue-sydney-new-south-wales-australia-2000/\", \"expired\": false, \"slug\": \"19-barangaroo-avenue-sydney-new-south-wales-australia-2000\", \"address_zip\": 2000, \"address_city\": \"Sydney\", \"locked\": false, \"pk\": 16, \"num_beds\": 1, \"depth\": 4, \"first_published_at\": \"2018-05-14T09:40:43.932Z\", \"fully_furnished\": true, \"expire_at\": null, \"live_revision\": 37}", "approved_go_live_at": null}}, {"model": "wagtailcore.pagerevision", "pk": 43, "fields": {"page": 17, "submitted_for_moderation": false, "created_at": "2018-05-15T08:22:59.275Z", "user": 3, "content_json": "{\"features\": [{\"pk\": 37, \"value\": \"Two generous double bedrooms with balcony access\", \"prop\": 17}, {\"pk\": 38, \"value\": \"High floor\", \"prop\": 17}, {\"pk\": 39, \"value\": \"Two modern bathrooms, main bedroom with ensuite\", \"prop\": 17}, {\"pk\": 40, \"value\": \"Large gas kitchen with granite bench tops\", \"prop\": 17}, {\"pk\": 41, \"value\": \"Impressive gym, pool, spa, sauna, squash court\", \"prop\": 17}, {\"pk\": 42, \"value\": \"Games room\", \"prop\": 17}, {\"pk\": 43, \"value\": \"On-site concierge\", \"prop\": 17}, {\"pk\": 44, \"value\": \"ducted air-conditioning throughout\", \"prop\": 17}], \"image\": [{\"pk\": 44, \"image\": \"uploads/2018/05/14/1_UY2KXU1.jpg\", \"description\": \"\", \"pr2\": 17}, {\"pk\": 45, \"image\": \"uploads/2018/05/14/2_hf86D0U.jpg\", \"description\": \"\", \"pr2\": 17}, {\"pk\": 46, \"image\": \"uploads/2018/05/14/3_gmD5uip.jpg\", \"description\": \"\", \"pr2\": 17}, {\"pk\": 47, \"image\": \"uploads/2018/05/14/4_MyMs2T0.jpg\", \"description\": \"\", \"pr2\": 17}, {\"pk\": 48, \"image\": \"uploads/2018/05/14/5_HV4xKlW.jpg\", \"description\": \"\", \"pr2\": 17}], \"search_description\": \"\", \"price\": \"59379000.00\", \"owner\": 3, \"num_baths\": 2, \"lot_size\": \"107.000\", \"address_state\": \"New South Wales\", \"latest_revision_created_at\": \"2018-05-15T08:04:39.140Z\", \"listed_date\": \"2018-01-19\", \"property_type\": 2, \"address_street\": \"Sussex Street\", \"go_live_at\": null, \"title\": \"222 Sussex Street Sydney New South Wales Australia 2000 - For Sale\", \"address_country\": \"Australia\", \"seo_title\": \"\", \"draft_title\": \"222 Sussex Street Sydney New South Wales Australia 2000 - For Sale\", \"floor_area\": \"104.000\", \"live\": true, \"last_published_at\": \"2018-05-15T08:04:39.919Z\", \"has_unpublished_changes\": false, \"similarlistings_set\": [], \"address_lotnumber\": \"222\", \"description\": \"A rare opportunity to own a high floor North East corner apartment in \\none of Sydney\\u2019s most popular residences, Astoria Tower. Enjoying far \\nreaching water views and intimate city views that take in the Sydney \\nTower, QVB and Town Hall, this apartment is sure to impress. With a \\ngenerous floorplan and an abundance of natural light, the property is \\nvery well-presented and ready to occupy and enjoy the convenience of \\nmid-city apartment living. With high tenant demand, strong capital \\ngrowth prospects in an increasingly exciting city to live, the property \\nalso provides a solid investment choice. The tightly held Astoria Tower \\nis ideally positioned within an easy walk to Darling Harbour, Cockle Bay\\n restaurants and bars, QVB, and Town Hall. An ideal city residence to \\nenjoy the best Sydney has to offer. <br/><br/>High floor, 107sqm &amp; North East corner with water &amp; city views <br/>Two generous double bedrooms with balcony access, b/ins<br/>Two modern bathrooms, main bedroom with ensuite <br/>Large gas kitchen with granite bench tops, Smeg appliances<br/>Very rare for the Sydney CBD, secure lock-up garage on title<br/>Impressive gym, pool, spa, sauna, squash court, games room<br/>On-site concierge, with only four apartments per floor<br/>Large, practical floorplan, ducted air-conditioning throughout<br/><br/>Strata: $2,761.98 p/q <br/>Water: $177 p/q <br/><p>Council: $264 p/q</p>\", \"build_year\": 2014, \"purchase_mode\": 0, \"numchild\": 0, \"similarListing\": [{\"pk\": 19, \"prop\": 9, \"fkey\": 17}, {\"pk\": 20, \"prop\": 11, \"fkey\": 17}, {\"pk\": 21, \"prop\": 12, \"fkey\": 17}, {\"pk\": 22, \"prop\": 13, \"fkey\": 17}, {\"pk\": 23, \"prop\": 14, \"fkey\": 17}], \"brokers\": [{\"pk\": null, \"broker\": 24, \"prop\": 17}], \"content_type\": 15, \"show_in_menus\": false, \"path\": \"0001000100030008\", \"url_path\": \"/home/properties/222-sussex-street-sydney-new-south-wales-australia-2000/\", \"expired\": false, \"slug\": \"222-sussex-street-sydney-new-south-wales-australia-2000\", \"address_zip\": 2000, \"address_city\": \"Sydney\", \"locked\": false, \"pk\": 17, \"num_beds\": 2, \"depth\": 4, \"first_published_at\": \"2018-05-14T09:45:29.701Z\", \"fully_furnished\": false, \"expire_at\": null, \"live_revision\": 36}", "approved_go_live_at": null}}, {"model": "wagtailcore.pagerevision", "pk": 44, "fields": {"page": 15, "submitted_for_moderation": false, "created_at": "2018-05-15T08:23:43.699Z", "user": 3, "content_json": "{\"features\": [{\"pk\": 26, \"value\": \"Spacious Bedrooms with mirrored built-ins\", \"prop\": 15}, {\"pk\": 27, \"value\": \"Separate Study room\", \"prop\": 15}, {\"pk\": 28, \"value\": \"Stone benchtops with stainless steel appliances\", \"prop\": 15}, {\"pk\": 29, \"value\": \"Stylish fully tiled bathroom with Frameless Shower\", \"prop\": 15}, {\"pk\": 30, \"value\": \"Separate internal laundry\", \"prop\": 15}, {\"pk\": 31, \"value\": \"Video Security intercom and Ducted a/c\", \"prop\": 15}, {\"pk\": 32, \"value\": \"Secure building with on site building manager and\", \"prop\": 15}, {\"pk\": 33, \"value\": \"Roof top terrace for entertainment\", \"prop\": 15}], \"image\": [{\"pk\": 34, \"image\": \"uploads/2018/05/14/1.jpg\", \"description\": \"\", \"pr2\": 15}, {\"pk\": 35, \"image\": \"uploads/2018/05/14/2.jpg\", \"description\": \"\", \"pr2\": 15}, {\"pk\": 36, \"image\": \"uploads/2018/05/14/3.jpg\", \"description\": \"\", \"pr2\": 15}, {\"pk\": 37, \"image\": \"uploads/2018/05/14/4.jpg\", \"description\": \"\", \"pr2\": 15}, {\"pk\": 38, \"image\": \"uploads/2018/05/14/5.png\", \"description\": \"\", \"pr2\": 15}], \"search_description\": \"\", \"price\": \"37600000.99\", \"owner\": 3, \"num_baths\": 1, \"lot_size\": \"105.000\", \"address_state\": \"New South Wales\", \"latest_revision_created_at\": \"2018-05-14T09:34:33.975Z\", \"listed_date\": \"2017-05-18\", \"property_type\": 3, \"address_street\": \"George St.\", \"go_live_at\": null, \"title\": \"710 George St. Sydney New South Wales Australia 2000 - For Sale\", \"address_country\": \"Australia\", \"seo_title\": \"\", \"draft_title\": \"710 George St. Sydney New South Wales Australia 2000 - For Sale\", \"floor_area\": \"95.700\", \"live\": true, \"last_published_at\": \"2018-05-14T09:34:36.321Z\", \"has_unpublished_changes\": false, \"similarlistings_set\": [{\"pk\": 17, \"prop\": 15, \"fkey\": 16}, {\"pk\": 24, \"prop\": 15, \"fkey\": 18}], \"address_lotnumber\": \"710\", \"description\": \"<p>Contemporary CBD Apartment in convenient location</p> <p>An\\n exceptional offering in the heart of Sydney, this stylish apartment \\npresent an outstanding opportunity as home or as an investment with \\nstrong rental return. Positioned in the most convenient location for \\nlifestyle excellence in tightly-held 'Inmark Tower' complex with public \\ntransport on your doorstep, this complex is located stroll from \\nChinatown, Darling Harbour and all CBD Shopping precinct.<br/><br/>- Spacious Bedrooms with mirrored built-ins and separate Study room<br/>- Stone benchtops with integrated Stainless Steel appliances<br/>- Stylish fully tiled bathroom with Frameless Shower<br/>- Separate internal laundry<br/>- Video Security intercom and Ducted a/c<br/>- Secure building with on site building manager and concierge<br/>- Roof top terrace for entertainment<br/><br/>Administration fee $1,232pq</p>\", \"build_year\": 2011, \"purchase_mode\": 0, \"numchild\": 0, \"similarListing\": [{\"pk\": 12, \"prop\": 9, \"fkey\": 15}, {\"pk\": 13, \"prop\": 12, \"fkey\": 15}, {\"pk\": 11, \"prop\": 13, \"fkey\": 15}, {\"pk\": 14, \"prop\": 14, \"fkey\": 15}], \"brokers\": [{\"pk\": null, \"broker\": 26, \"prop\": 15}, {\"pk\": null, \"broker\": 27, \"prop\": 15}], \"content_type\": 15, \"show_in_menus\": false, \"path\": \"0001000100030006\", \"url_path\": \"/home/properties/710-george-st-sydney-new-south-wales-australia-2000/\", \"expired\": false, \"slug\": \"710-george-st-sydney-new-south-wales-australia-2000\", \"address_zip\": 2000, \"address_city\": \"Sydney\", \"locked\": false, \"pk\": 15, \"num_beds\": 2, \"depth\": 4, \"first_published_at\": \"2018-05-14T09:34:36.321Z\", \"fully_furnished\": false, \"expire_at\": null, \"live_revision\": 15}", "approved_go_live_at": null}}, {"model": "wagtailcore.pagerevision", "pk": 45, "fields": {"page": 14, "submitted_for_moderation": false, "created_at": "2018-05-15T08:24:30.098Z", "user": 3, "content_json": "{\"features\": [{\"pk\": 22, \"value\": \"Pool\", \"prop\": 14}, {\"pk\": 23, \"value\": \"Telephone Line\", \"prop\": 14}, {\"pk\": 24, \"value\": \"Broadband Access\", \"prop\": 14}, {\"pk\": 25, \"value\": \"Hot n' cold shower\", \"prop\": 14}], \"image\": [{\"pk\": 29, \"image\": \"uploads/2018/05/13/1_7KPc4ho.jpg\", \"description\": \"\", \"pr2\": 14}, {\"pk\": 30, \"image\": \"uploads/2018/05/13/2_hBkicb1.jpg\", \"description\": \"\", \"pr2\": 14}, {\"pk\": 31, \"image\": \"uploads/2018/05/13/3_1z5Jb9g.jpg\", \"description\": \"\", \"pr2\": 14}, {\"pk\": 32, \"image\": \"uploads/2018/05/13/4_jEA8RST.jpg\", \"description\": \"\", \"pr2\": 14}, {\"pk\": 33, \"image\": \"uploads/2018/05/13/5_XnTaqz6.jpg\", \"description\": \"\", \"pr2\": 14}], \"search_description\": \"\", \"price\": \"15750000.00\", \"owner\": 1, \"num_baths\": 1, \"lot_size\": \"85.000\", \"address_state\": \"Victoria\", \"latest_revision_created_at\": \"2018-05-13T10:31:34.158Z\", \"listed_date\": \"2017-10-26\", \"property_type\": 1, \"address_street\": \"Flash Dan Drive\", \"go_live_at\": null, \"title\": \"18 Flash Dan Drive Cranbourne Victoria Australia 3601 - For Sale\", \"address_country\": \"Australia\", \"seo_title\": \"\", \"draft_title\": \"18 Flash Dan Drive Cranbourne Victoria Australia 3601 - For Sale\", \"floor_area\": \"75.000\", \"live\": true, \"last_published_at\": \"2018-05-13T10:31:35.310Z\", \"has_unpublished_changes\": false, \"similarlistings_set\": [{\"pk\": 14, \"prop\": 14, \"fkey\": 15}, {\"pk\": 23, \"prop\": 14, \"fkey\": 17}, {\"pk\": 25, \"prop\": 14, \"fkey\": 18}], \"address_lotnumber\": \"18\", \"description\": \"<p>\\\"GRAND\\\" Open SATURDAY at 12:00pm - 12:45pm! Luxurious Living in Cascades on Clyde!</p> FIXED D8 SALE: 4/6/2018 (unless sold prior)<br/>Presented\\n FOR SALE is this Stunning 30sq Home situated in the Prestigious \\nCascades on Clyde within a short walk to Selendra &amp; Hunt Club shops,\\n transport, schools and parks.<br/><br/>- Boasting 4 bedrooms with built \\nin robes, grand master bedroom with walk in robe and hotel like ensuite \\nwith double basins, study, multiple zone living: formal lounge, open \\nplan family and meals, theatre room,  gorgeous kitchen with pendant \\nlights and caesar stone benches.<br/>- Features refrigerated cooling, \\nducted heating, 900mm stainless steel cooker with rangehood, dishwasher,\\n sun shade and block blinds, modern light fittings, floating timber \\nfloors, NBN internet, recycled water available.<br/>- Outside you will \\nfind a remote control double garage, private covered outdoor area \\noverlooking a relaxing water fall/fish tank and on an easy to maintain \\n578m2 block.<br/><br/>This much loved home would suit all type of buyers so make sure its on TOP of your list! <br/> <br/>\\\"GRAND\\\" Open SATURDAY at 12:00pm - 12:45pm<br/>Beverages, Snacks, Kids stuff and so much more!<br/><br/>PHOTO ID IS REQUIRED ON ALL INSPECTIONS<br/><br/>\\u201cSelling? You\\u2019ll be SOLD with our $8,800 Success Fee\\u201c\", \"build_year\": 2011, \"purchase_mode\": 0, \"numchild\": 0, \"similarListing\": [{\"pk\": 7, \"prop\": 9, \"fkey\": 14}, {\"pk\": 8, \"prop\": 11, \"fkey\": 14}, {\"pk\": 9, \"prop\": 12, \"fkey\": 14}, {\"pk\": 10, \"prop\": 13, \"fkey\": 14}], \"brokers\": [{\"pk\": null, \"broker\": 26, \"prop\": 14}, {\"pk\": null, \"broker\": 27, \"prop\": 14}], \"content_type\": 15, \"show_in_menus\": false, \"path\": \"0001000100030005\", \"url_path\": \"/home/properties/18-flash-dan-drive-cranbourne-victoria-australia-3601/\", \"expired\": false, \"slug\": \"18-flash-dan-drive-cranbourne-victoria-australia-3601\", \"address_zip\": 3601, \"address_city\": \"Cranbourne\", \"locked\": false, \"pk\": 14, \"num_beds\": 3, \"depth\": 4, \"first_published_at\": \"2018-05-13T10:31:35.310Z\", \"fully_furnished\": false, \"expire_at\": null, \"live_revision\": 12}", "approved_go_live_at": null}}, {"model": "wagtailcore.pagerevision", "pk": 46, "fields": {"page": 13, "submitted_for_moderation": false, "created_at": "2018-05-15T08:24:52.974Z", "user": 3, "content_json": "{\"features\": [{\"pk\": 18, \"value\": \"Telephone Line\", \"prop\": 13}, {\"pk\": 19, \"value\": \"Hot and Cold Shower\", \"prop\": 13}, {\"pk\": 20, \"value\": \"Stainless utensils\", \"prop\": 13}, {\"pk\": 21, \"value\": \"Neighbor's noisy dogs\", \"prop\": 13}], \"image\": [{\"pk\": 21, \"image\": \"uploads/2018/05/13/1_OUydj3f.jpg\", \"description\": \"\", \"pr2\": 13}, {\"pk\": 22, \"image\": \"uploads/2018/05/13/2_t5QJ1Zm.jpg\", \"description\": \"\", \"pr2\": 13}, {\"pk\": 23, \"image\": \"uploads/2018/05/13/2_rvjt3Cq.jpg\", \"description\": \"\", \"pr2\": 13}, {\"pk\": 24, \"image\": \"uploads/2018/05/13/3_zDUBmvE.jpg\", \"description\": \"\", \"pr2\": 13}, {\"pk\": 25, \"image\": \"uploads/2018/05/13/4_gLR3n08.jpg\", \"description\": \"\", \"pr2\": 13}, {\"pk\": 26, \"image\": \"uploads/2018/05/13/5_CxLuAbA.jpg\", \"description\": \"\", \"pr2\": 13}, {\"pk\": 27, \"image\": \"uploads/2018/05/13/6_XtyQ75Y.jpg\", \"description\": \"\", \"pr2\": 13}, {\"pk\": 28, \"image\": \"uploads/2018/05/13/7_mDiJrAY.jpg\", \"description\": \"\", \"pr2\": 13}], \"search_description\": \"\", \"price\": \"9500000.00\", \"owner\": 1, \"num_baths\": 2, \"lot_size\": \"102.000\", \"address_state\": \"Victoria\", \"latest_revision_created_at\": \"2018-05-13T10:28:43.946Z\", \"listed_date\": \"2017-12-07\", \"property_type\": 1, \"address_street\": \"Van der Haar Street\", \"go_live_at\": null, \"title\": \"45 Van der Haar Street Camberwell Victoria Australia 3602 - For Sale\", \"address_country\": \"Australia\", \"seo_title\": \"\", \"draft_title\": \"45 Van der Haar Street Camberwell Victoria Australia 3602 - For Sale\", \"floor_area\": \"85.000\", \"live\": true, \"last_published_at\": \"2018-05-13T10:28:45.625Z\", \"has_unpublished_changes\": false, \"similarlistings_set\": [{\"pk\": 10, \"prop\": 13, \"fkey\": 14}, {\"pk\": 11, \"prop\": 13, \"fkey\": 15}, {\"pk\": 16, \"prop\": 13, \"fkey\": 16}, {\"pk\": 22, \"prop\": 13, \"fkey\": 17}, {\"pk\": 27, \"prop\": 13, \"fkey\": 18}], \"address_lotnumber\": \"45\", \"description\": \"<p>\\\"GRAND\\\" Open SATURDAY at 2:00pm - 2:45pm! A Premium Corner Position With Comfort and Luxury !</p> FIXED D8 SALE: 6/6/2018 (unless sold prior)<br/>This\\n beautiful, well loved, warm and peaceful home offers both comfort and \\nluxury. The premier location in a quiet court,  multiple living zones \\nand separate kitchen with meals area makes this blissful home suitable \\nfor both young and mature families. This freshly painted beauty, with \\nbrand new quality carpets  accommodates four living areas, a homely \\nsolid Tasmanian blackwood kitchen with lovely slate tiles, four bedrooms\\n (Master Suite complete with WIR and Ensuite and 2 other bedroom with \\nBIR) two superbly renovated bathrooms, remote control garage and \\ndownlights, ducted heating and evaporative cooling throughout.<br/><br/>Whether\\n you wish to unwind or entertain, stepping outside and finding yourself \\nin the blissfully peaceful and generous decking alfresco with a built in\\n barbecue and a private solar heated swimming pool, leading to a secret \\ngarden will make your experience very enjoyable. The front garden is \\nbeautifully manicured, bursting with colour making this family home \\nextremely welcoming and pleasant even before you step inside.<br/><br/>All\\n this within walking distance to Berwick Lodge Primary School, minutes \\nfrom Wilson Botanic Park, Berwick High Street, train station, Westfield \\nFountain Gate and Monash Freeway. An inspection is sure to impress!<br/><br/>\\\"GRAND\\\" Open SATURDAY at 2:00pm - 2:45pm<br/>Beverages, Snacks, Kids stuff and so much more!<br/><br/>PHOTO ID IS REQUIRED ON ALL INSPECTIONS<br/><br/>\\u201cSelling? You\\u2019ll be SOLD with our $8,800 Success Fee\\u201c\", \"build_year\": 2011, \"purchase_mode\": 0, \"numchild\": 0, \"similarListing\": [{\"pk\": 5, \"prop\": 9, \"fkey\": 13}, {\"pk\": 4, \"prop\": 11, \"fkey\": 13}, {\"pk\": 6, \"prop\": 12, \"fkey\": 13}], \"brokers\": [{\"pk\": null, \"broker\": 26, \"prop\": 13}, {\"pk\": null, \"broker\": 27, \"prop\": 13}], \"content_type\": 15, \"show_in_menus\": false, \"path\": \"0001000100030004\", \"url_path\": \"/home/properties/45-van-der-haar-street-camberwell-victoria-australia-3602/\", \"expired\": false, \"slug\": \"45-van-der-haar-street-camberwell-victoria-australia-3602\", \"address_zip\": 3602, \"address_city\": \"Camberwell\", \"locked\": false, \"pk\": 13, \"num_beds\": 1, \"depth\": 4, \"first_published_at\": \"2018-05-13T10:28:45.625Z\", \"fully_furnished\": true, \"expire_at\": null, \"live_revision\": 11}", "approved_go_live_at": null}}, {"model": "wagtailcore.pagerevision", "pk": 47, "fields": {"page": 12, "submitted_for_moderation": false, "created_at": "2018-05-15T08:25:19.784Z", "user": 3, "content_json": "{\"features\": [{\"pk\": 12, \"value\": \"3 minutes to Eastlink\", \"prop\": 12}, {\"pk\": 13, \"value\": \"2 km to Eastland shopping hub, cafes and entertain\", \"prop\": 12}, {\"pk\": 14, \"value\": \"4 mins to new train station and bus transport hub\", \"prop\": 12}, {\"pk\": 15, \"value\": \"Surrounded by early learning centres, private scho\", \"prop\": 12}, {\"pk\": 16, \"value\": \"Close to new aquatic centre, parks and numerous re\", \"prop\": 12}, {\"pk\": 17, \"value\": \"Full turnkey package, no extra to pay\", \"prop\": 12}], \"image\": [{\"pk\": 14, \"image\": \"uploads/2018/05/13/1_EPLEJmf.jpg\", \"description\": \"\", \"pr2\": 12}, {\"pk\": 15, \"image\": \"uploads/2018/05/13/2_qMIt9U5.jpg\", \"description\": \"\", \"pr2\": 12}, {\"pk\": 16, \"image\": \"uploads/2018/05/13/3_zBBzQqX.jpg\", \"description\": \"\", \"pr2\": 12}, {\"pk\": 17, \"image\": \"uploads/2018/05/13/4_9qDhsy2.jpg\", \"description\": \"\", \"pr2\": 12}, {\"pk\": 18, \"image\": \"uploads/2018/05/13/5_soeTfyL.jpg\", \"description\": \"\", \"pr2\": 12}, {\"pk\": 19, \"image\": \"uploads/2018/05/13/6.jpg\", \"description\": \"\", \"pr2\": 12}, {\"pk\": 20, \"image\": \"uploads/2018/05/13/7.jpg\", \"description\": \"\", \"pr2\": 12}], \"search_description\": \"\", \"price\": \"12500000.00\", \"owner\": 1, \"num_baths\": 1, \"lot_size\": \"97.000\", \"address_state\": \"Victoria\", \"latest_revision_created_at\": \"2018-05-13T10:24:20.593Z\", \"listed_date\": \"2018-05-15\", \"property_type\": 4, \"address_street\": \"Mount Dandenong Road\", \"go_live_at\": null, \"title\": \"97 Mount Dandenong Road Camberwell Victoria Australia 3501 - For Sale\", \"address_country\": \"Australia\", \"seo_title\": \"\", \"draft_title\": \"97 Mount Dandenong Road Camberwell Victoria Australia 3501 - For Sale\", \"floor_area\": \"97.000\", \"live\": true, \"last_published_at\": \"2018-05-13T10:24:21.521Z\", \"has_unpublished_changes\": false, \"similarlistings_set\": [{\"pk\": 6, \"prop\": 12, \"fkey\": 13}, {\"pk\": 9, \"prop\": 12, \"fkey\": 14}, {\"pk\": 13, \"prop\": 12, \"fkey\": 15}, {\"pk\": 21, \"prop\": 12, \"fkey\": 17}], \"address_lotnumber\": \"97\", \"description\": \"The\\n Woodlands, now selling off the plan. 14 uniquely designed town \\nresidences situated in the leafy retreat between Mount Dandenong Road \\nand Sunbeam Avenue of Ringwood East. <br/><br/>Stage I of the development \\noffers 3 fully turnkey, high quality, double storey townhouses. Choose \\nfrom 3 or 4 bedroom configurations, with 2 living areas, double garages,\\n and house sizes range from 185 to 192 square metres. <br/><br/>Residents\\n of The Woodlands will enjoy living in a prime Ringwood East location, \\nsurrounded by an abundance of educational institutions, medical centres,\\n sporting facilities, parkland and fantastic shopping. Entry to the \\nEastlink is just 3km away, offering a 38 minute, direct route to the \\ncentre of Melbourne. <br/><br/>Major shopping hub of Eastland is just 2kms\\n away, offering hundreds of speciality stores &amp; eateries, as well as\\n cinemas, libraries, fitness centres, children\\u2019s play areas, restaurants\\n etc.<br/><br/>For those raising a family, The Woodlands is surrounded by \\nearly learning centres, through primary, secondary and tertiary \\ninstitutes. There is also no shortage of recreational and sporting \\nfacilities, with numerous football and cricket grounds, tennis courts, \\nathletics grounds and aquatics centres. Ringwood is one of Melbourne\\u2019s \\ngreenest suburbs and is dotted with parkland, lakes, cycling and running\\n paths, and children\\u2019s play areas. <br/><br/><p>Register today to secure your new home in The Woodlands.</p>\", \"build_year\": 2014, \"purchase_mode\": 0, \"numchild\": 0, \"similarListing\": [{\"pk\": 2, \"prop\": 9, \"fkey\": 12}, {\"pk\": 3, \"prop\": 11, \"fkey\": 12}], \"brokers\": [{\"pk\": null, \"broker\": 26, \"prop\": 12}, {\"pk\": null, \"broker\": 27, \"prop\": 12}], \"content_type\": 15, \"show_in_menus\": false, \"path\": \"0001000100030003\", \"url_path\": \"/home/properties/97-mount-dandenong-road-camberwell-victoria-australia-3501/\", \"expired\": false, \"slug\": \"97-mount-dandenong-road-camberwell-victoria-australia-3501\", \"address_zip\": 3501, \"address_city\": \"Camberwell\", \"locked\": false, \"pk\": 12, \"num_beds\": 3, \"depth\": 4, \"first_published_at\": \"2018-05-13T10:24:21.521Z\", \"fully_furnished\": true, \"expire_at\": null, \"live_revision\": 10}", "approved_go_live_at": null}}, {"model": "wagtailcore.pagerevision", "pk": 48, "fields": {"page": 11, "submitted_for_moderation": false, "created_at": "2018-05-15T08:25:48.755Z", "user": 3, "content_json": "{\"features\": [{\"pk\": 5, \"value\": \"Intercom\", \"prop\": 11}, {\"pk\": 6, \"value\": \"Floorboards\", \"prop\": 11}, {\"pk\": 7, \"value\": \"Broadband Internet Available\", \"prop\": 11}, {\"pk\": 8, \"value\": \"Built-in Wardrobes\", \"prop\": 11}, {\"pk\": 9, \"value\": \"Dishwasher\", \"prop\": 11}, {\"pk\": 10, \"value\": \"Split-system Air Conditioning\", \"prop\": 11}, {\"pk\": 11, \"value\": \"Ducted Heating\", \"prop\": 11}], \"image\": [{\"pk\": 8, \"image\": \"uploads/2018/05/13/1_tb2eWBq.jpg\", \"description\": \"Two assure edward whence the was. Who worthy yet ten boy denote wonder.\", \"pr2\": 11}, {\"pk\": 9, \"image\": \"uploads/2018/05/13/2_QdKzU22.jpg\", \"description\": \"Weeks views her sight old tears sorry. Additions can suspected its concealed put furnished.\", \"pr2\": 11}, {\"pk\": 10, \"image\": \"uploads/2018/05/13/3.jpg\", \"description\": \"Met the why particular devonshire decisively considered partiality. Certain it waiting no entered is.\", \"pr2\": 11}, {\"pk\": 11, \"image\": \"uploads/2018/05/13/4.jpg\", \"description\": \"Passed her indeed uneasy shy polite appear denied. Oh less girl no walk. At he spot with five of view.\", \"pr2\": 11}, {\"pk\": 12, \"image\": \"uploads/2018/05/13/5.jpg\", \"description\": \"\", \"pr2\": 11}, {\"pk\": 13, \"image\": \"uploads/2018/05/13/5.png\", \"description\": \"\", \"pr2\": 11}], \"search_description\": \"\", \"price\": \"52019000.00\", \"owner\": 1, \"num_baths\": 2, \"lot_size\": \"100.700\", \"address_state\": \"Victoria\", \"latest_revision_created_at\": \"2018-05-13T10:18:26.812Z\", \"listed_date\": \"2017-11-15\", \"property_type\": 4, \"address_street\": \"Burke Road\", \"go_live_at\": null, \"title\": \"399 Burke Road Camberwell Victoria Australia 3124 - For Sale\", \"address_country\": \"Australia\", \"seo_title\": \"\", \"draft_title\": \"399 Burke Road Camberwell Victoria Australia 3124 - For Sale\", \"floor_area\": \"100.700\", \"live\": true, \"last_published_at\": \"2018-05-13T10:18:28.266Z\", \"has_unpublished_changes\": false, \"similarlistings_set\": [{\"pk\": 3, \"prop\": 11, \"fkey\": 12}, {\"pk\": 4, \"prop\": 11, \"fkey\": 13}, {\"pk\": 8, \"prop\": 11, \"fkey\": 14}, {\"pk\": 15, \"prop\": 11, \"fkey\": 16}, {\"pk\": 20, \"prop\": 11, \"fkey\": 17}], \"address_lotnumber\": \"399\", \"description\": \"<p>ENTERTAIN IN STYLE, WHILST ENJOY THE PRIVACY OF UPSTAIRS BEDROOMS.</p> <p>Entertain in style, whilst enjoying the privacy of bedrooms located upstairs.<br/><br/>Bijou Camberwell comprises 37 architecturally designed apartments by Fender Katsalidis.<br/><br/>The\\n apartments are high-end owner-occupier grade in terms of space and \\nspecification, and designed to meet the needs of local down-sizers.</p>\", \"build_year\": 2014, \"purchase_mode\": 0, \"numchild\": 0, \"similarListing\": [{\"pk\": 1, \"prop\": 9, \"fkey\": 11}], \"brokers\": [{\"pk\": null, \"broker\": 24, \"prop\": 11}], \"content_type\": 15, \"show_in_menus\": false, \"path\": \"0001000100030002\", \"url_path\": \"/home/properties/399-burke-road-camberwell-victoria-australia-3124/\", \"expired\": false, \"slug\": \"399-burke-road-camberwell-victoria-australia-3124\", \"address_zip\": 3124, \"address_city\": \"Camberwell\", \"locked\": false, \"pk\": 11, \"num_beds\": 2, \"depth\": 4, \"first_published_at\": \"2018-05-13T10:18:28.266Z\", \"fully_furnished\": true, \"expire_at\": null, \"live_revision\": 9}", "approved_go_live_at": null}}, {"model": "wagtailcore.page", "pk": 1, "fields": {"path": "0001", "depth": 1, "numchild": 1, "title": "Root", "draft_title": "Root", "slug": "root", "content_type": 1, "live": true, "has_unpublished_changes": false, "url_path": "/", "owner": null, "seo_title": "", "show_in_menus": false, "search_description": "", "go_live_at": null, "expire_at": null, "expired": false, "locked": false, "first_published_at": null, "last_published_at": null, "latest_revision_created_at": null, "live_revision": null}}, {"model": "wagtailcore.page", "pk": 3, "fields": {"path": "00010001", "depth": 2, "numchild": 5, "title": "Home", "draft_title": "Home", "slug": "home", "content_type": 2, "live": true, "has_unpublished_changes": false, "url_path": "/home/", "owner": null, "seo_title": "", "show_in_menus": false, "search_description": "", "go_live_at": null, "expire_at": null, "expired": false, "locked": false, "first_published_at": null, "last_published_at": null, "latest_revision_created_at": null, "live_revision": null}}, {"model": "wagtailcore.page", "pk": 4, "fields": {"path": "000100010001", "depth": 3, "numchild": 0, "title": "Listing Type Index", "draft_title": "Listing Type Index", "slug": "list-type-index", "content_type": 14, "live": true, "has_unpublished_changes": false, "url_path": "/home/list-type-index/", "owner": 1, "seo_title": "", "show_in_menus": false, "search_description": "", "go_live_at": null, "expire_at": null, "expired": false, "locked": false, "first_published_at": "2018-05-13T09:33:15.462Z", "last_published_at": "2018-05-13T09:33:15.462Z", "latest_revision_created_at": "2018-05-13T09:33:13.972Z", "live_revision": 1}}, {"model": "wagtailcore.page", "pk": 5, "fields": {"path": "000100010002", "depth": 3, "numchild": 3, "title": "Catalog Index", "draft_title": "Catalog Index", "slug": "catalog", "content_type": 13, "live": true, "has_unpublished_changes": false, "url_path": "/home/catalog/", "owner": 1, "seo_title": "", "show_in_menus": false, "search_description": "", "go_live_at": null, "expire_at": null, "expired": false, "locked": false, "first_published_at": "2018-05-13T09:33:49.019Z", "last_published_at": "2018-05-13T09:34:03.436Z", "latest_revision_created_at": "2018-05-13T09:34:02.914Z", "live_revision": 3}}, {"model": "wagtailcore.page", "pk": 6, "fields": {"path": "0001000100020001", "depth": 4, "numchild": 0, "title": "For Sale", "draft_title": "For Sale", "slug": "for-sale", "content_type": 16, "live": true, "has_unpublished_changes": false, "url_path": "/home/catalog/for-sale/", "owner": 1, "seo_title": "", "show_in_menus": false, "search_description": "", "go_live_at": null, "expire_at": null, "expired": false, "locked": false, "first_published_at": "2018-05-13T09:35:27.447Z", "last_published_at": "2018-05-14T09:59:28.884Z", "latest_revision_created_at": "2018-05-14T09:59:28.172Z", "live_revision": 22}}, {"model": "wagtailcore.page", "pk": 7, "fields": {"path": "0001000100020002", "depth": 4, "numchild": 0, "title": "For Rent", "draft_title": "For Rent", "slug": "for-rent", "content_type": 16, "live": true, "has_unpublished_changes": false, "url_path": "/home/catalog/for-rent/", "owner": 1, "seo_title": "", "show_in_menus": false, "search_description": "", "go_live_at": null, "expire_at": null, "expired": false, "locked": false, "first_published_at": "2018-05-13T09:36:00.505Z", "last_published_at": "2018-05-13T09:36:00.505Z", "latest_revision_created_at": "2018-05-13T09:35:59.934Z", "live_revision": 5}}, {"model": "wagtailcore.page", "pk": 8, "fields": {"path": "000100010003", "depth": 3, "numchild": 9, "title": "Listing Index", "draft_title": "Listing Index", "slug": "properties", "content_type": 11, "live": true, "has_unpublished_changes": false, "url_path": "/home/properties/", "owner": 1, "seo_title": "", "show_in_menus": false, "search_description": "", "go_live_at": null, "expire_at": null, "expired": false, "locked": false, "first_published_at": "2018-05-13T09:58:50.907Z", "last_published_at": "2018-05-13T09:58:50.907Z", "latest_revision_created_at": "2018-05-13T09:58:50.087Z", "live_revision": 6}}, {"model": "wagtailcore.page", "pk": 9, "fields": {"path": "0001000100030001", "depth": 4, "numchild": 0, "title": "4 Blair Street Bentleigh Victoria Australia 3204 - For Sale", "draft_title": "4 Blair Street Bentleigh Victoria Australia 3204 - For Sale", "slug": "4-blair-street-bentleigh-victoria-australia-3204", "content_type": 15, "live": true, "has_unpublished_changes": false, "url_path": "/home/properties/4-blair-street-bentleigh-victoria-australia-3204/", "owner": 1, "seo_title": "", "show_in_menus": false, "search_description": "", "go_live_at": null, "expire_at": null, "expired": false, "locked": false, "first_published_at": "2018-05-13T10:10:16.438Z", "last_published_at": "2018-05-15T08:21:45.723Z", "latest_revision_created_at": "2018-05-15T08:21:44.371Z", "live_revision": 40}}, {"model": "wagtailcore.page", "pk": 10, "fields": {"path": "0001000100020003", "depth": 4, "numchild": 0, "title": "Luxury Lofts", "draft_title": "Luxury Lofts", "slug": "luxury-lofts", "content_type": 16, "live": true, "has_unpublished_changes": false, "url_path": "/home/catalog/luxury-lofts/", "owner": 1, "seo_title": "", "show_in_menus": false, "search_description": "", "go_live_at": null, "expire_at": null, "expired": false, "locked": false, "first_published_at": "2018-05-13T10:12:20.548Z", "last_published_at": "2018-05-14T10:00:36.793Z", "latest_revision_created_at": "2018-05-14T10:00:36.139Z", "live_revision": 24}}, {"model": "wagtailcore.page", "pk": 11, "fields": {"path": "0001000100030002", "depth": 4, "numchild": 0, "title": "399 Burke Road Camberwell Victoria Australia 3124 - For Sale", "draft_title": "399 Burke Road Camberwell Victoria Australia 3124 - For Sale", "slug": "399-burke-road-camberwell-victoria-australia-3124", "content_type": 15, "live": true, "has_unpublished_changes": false, "url_path": "/home/properties/399-burke-road-camberwell-victoria-australia-3124/", "owner": 1, "seo_title": "", "show_in_menus": false, "search_description": "", "go_live_at": null, "expire_at": null, "expired": false, "locked": false, "first_published_at": "2018-05-13T10:18:28.266Z", "last_published_at": "2018-05-15T08:25:49.663Z", "latest_revision_created_at": "2018-05-15T08:25:48.755Z", "live_revision": 48}}, {"model": "wagtailcore.page", "pk": 12, "fields": {"path": "0001000100030003", "depth": 4, "numchild": 0, "title": "97 Mount Dandenong Road Camberwell Victoria Australia 3501 - For Sale", "draft_title": "97 Mount Dandenong Road Camberwell Victoria Australia 3501 - For Sale", "slug": "97-mount-dandenong-road-camberwell-victoria-australia-3501", "content_type": 15, "live": true, "has_unpublished_changes": false, "url_path": "/home/properties/97-mount-dandenong-road-camberwell-victoria-australia-3501/", "owner": 1, "seo_title": "", "show_in_menus": false, "search_description": "", "go_live_at": null, "expire_at": null, "expired": false, "locked": false, "first_published_at": "2018-05-13T10:24:21.521Z", "last_published_at": "2018-05-15T08:25:20.597Z", "latest_revision_created_at": "2018-05-15T08:25:19.784Z", "live_revision": 47}}, {"model": "wagtailcore.page", "pk": 13, "fields": {"path": "0001000100030004", "depth": 4, "numchild": 0, "title": "45 Van der Haar Street Camberwell Victoria Australia 3602 - For Sale", "draft_title": "45 Van der Haar Street Camberwell Victoria Australia 3602 - For Sale", "slug": "45-van-der-haar-street-camberwell-victoria-australia-3602", "content_type": 15, "live": true, "has_unpublished_changes": false, "url_path": "/home/properties/45-van-der-haar-street-camberwell-victoria-australia-3602/", "owner": 1, "seo_title": "", "show_in_menus": false, "search_description": "", "go_live_at": null, "expire_at": null, "expired": false, "locked": false, "first_published_at": "2018-05-13T10:28:45.625Z", "last_published_at": "2018-05-15T08:24:53.796Z", "latest_revision_created_at": "2018-05-15T08:24:52.974Z", "live_revision": 46}}, {"model": "wagtailcore.page", "pk": 14, "fields": {"path": "0001000100030005", "depth": 4, "numchild": 0, "title": "18 Flash Dan Drive Cranbourne Victoria Australia 3601 - For Sale", "draft_title": "18 Flash Dan Drive Cranbourne Victoria Australia 3601 - For Sale", "slug": "18-flash-dan-drive-cranbourne-victoria-australia-3601", "content_type": 15, "live": true, "has_unpublished_changes": false, "url_path": "/home/properties/18-flash-dan-drive-cranbourne-victoria-australia-3601/", "owner": 1, "seo_title": "", "show_in_menus": false, "search_description": "", "go_live_at": null, "expire_at": null, "expired": false, "locked": false, "first_published_at": "2018-05-13T10:31:35.310Z", "last_published_at": "2018-05-15T08:24:32.201Z", "latest_revision_created_at": "2018-05-15T08:24:30.098Z", "live_revision": 45}}, {"model": "wagtailcore.page", "pk": 15, "fields": {"path": "0001000100030006", "depth": 4, "numchild": 0, "title": "710 George St. Sydney New South Wales Australia 2000 - For Sale", "draft_title": "710 George St. Sydney New South Wales Australia 2000 - For Sale", "slug": "710-george-st-sydney-new-south-wales-australia-2000", "content_type": 15, "live": true, "has_unpublished_changes": false, "url_path": "/home/properties/710-george-st-sydney-new-south-wales-australia-2000/", "owner": 3, "seo_title": "", "show_in_menus": false, "search_description": "", "go_live_at": null, "expire_at": null, "expired": false, "locked": false, "first_published_at": "2018-05-14T09:34:36.321Z", "last_published_at": "2018-05-15T08:23:44.527Z", "latest_revision_created_at": "2018-05-15T08:23:43.699Z", "live_revision": 44}}, {"model": "wagtailcore.page", "pk": 16, "fields": {"path": "0001000100030007", "depth": 4, "numchild": 0, "title": "19 Barangaroo Avenue Sydney New South Wales Australia 2000 - For Sale", "draft_title": "19 Barangaroo Avenue Sydney New South Wales Australia 2000 - For Sale", "slug": "19-barangaroo-avenue-sydney-new-south-wales-australia-2000", "content_type": 15, "live": true, "has_unpublished_changes": false, "url_path": "/home/properties/19-barangaroo-avenue-sydney-new-south-wales-australia-2000/", "owner": 3, "seo_title": "", "show_in_menus": false, "search_description": "", "go_live_at": null, "expire_at": null, "expired": false, "locked": false, "first_published_at": "2018-05-14T09:40:43.932Z", "last_published_at": "2018-05-15T08:22:41.374Z", "latest_revision_created_at": "2018-05-15T08:22:40.613Z", "live_revision": 42}}, {"model": "wagtailcore.page", "pk": 17, "fields": {"path": "0001000100030008", "depth": 4, "numchild": 0, "title": "222 Sussex Street Sydney New South Wales Australia 2000 - For Sale", "draft_title": "222 Sussex Street Sydney New South Wales Australia 2000 - For Sale", "slug": "222-sussex-street-sydney-new-south-wales-australia-2000", "content_type": 15, "live": true, "has_unpublished_changes": false, "url_path": "/home/properties/222-sussex-street-sydney-new-south-wales-australia-2000/", "owner": 3, "seo_title": "", "show_in_menus": false, "search_description": "", "go_live_at": null, "expire_at": null, "expired": false, "locked": false, "first_published_at": "2018-05-14T09:45:29.701Z", "last_published_at": "2018-05-15T08:23:00.082Z", "latest_revision_created_at": "2018-05-15T08:22:59.275Z", "live_revision": 43}}, {"model": "wagtailcore.page", "pk": 18, "fields": {"path": "0001000100030009", "depth": 4, "numchild": 0, "title": "26 Castlereagh Street Sydney New South Wales Australia 2000 - For Sale", "draft_title": "26 Castlereagh Street Sydney New South Wales Australia 2000 - For Sale", "slug": "26-castlereagh-street-sydney-new-south-wales-australia-2000", "content_type": 15, "live": true, "has_unpublished_changes": false, "url_path": "/home/properties/26-castlereagh-street-sydney-new-south-wales-australia-2000/", "owner": 3, "seo_title": "", "show_in_menus": false, "search_description": "", "go_live_at": null, "expire_at": null, "expired": false, "locked": false, "first_published_at": "2018-05-14T09:55:27.307Z", "last_published_at": "2018-05-15T08:22:22.583Z", "latest_revision_created_at": "2018-05-15T08:22:21.757Z", "live_revision": 41}}, {"model": "wagtailcore.page", "pk": 20, "fields": {"path": "000100010005", "depth": 3, "numchild": 0, "title": "Broker Agency List", "draft_title": "Broker Agency List", "slug": "broker-list", "content_type": 43, "live": true, "has_unpublished_changes": false, "url_path": "/home/broker-list/", "owner": 3, "seo_title": "", "show_in_menus": false, "search_description": "", "go_live_at": null, "expire_at": null, "expired": false, "locked": false, "first_published_at": "2018-05-15T07:21:38.325Z", "last_published_at": "2018-05-15T07:21:38.325Z", "latest_revision_created_at": "2018-05-15T07:21:29.084Z", "live_revision": 26}}, {"model": "wagtailcore.page", "pk": 23, "fields": {"path": "000100010006", "depth": 3, "numchild": 4, "title": "Broker List", "draft_title": "Broker List", "slug": "brokers", "content_type": 41, "live": true, "has_unpublished_changes": false, "url_path": "/home/brokers/", "owner": 3, "seo_title": "", "show_in_menus": false, "search_description": "", "go_live_at": null, "expire_at": null, "expired": false, "locked": false, "first_published_at": "2018-05-15T07:43:16.642Z", "last_published_at": "2018-05-15T07:43:16.642Z", "latest_revision_created_at": "2018-05-15T07:43:16.077Z", "live_revision": 29}}, {"model": "wagtailcore.page", "pk": 24, "fields": {"path": "0001000100060001", "depth": 4, "numchild": 0, "title": "Kate Li - Wagtail Realtors Corp.", "draft_title": "Kate Li - Wagtail Realtors Corp.", "slug": "kate-li-wagtail-realtors-corp", "content_type": 42, "live": true, "has_unpublished_changes": false, "url_path": "/home/brokers/kate-li-wagtail-realtors-corp/", "owner": 3, "seo_title": "", "show_in_menus": false, "search_description": "", "go_live_at": null, "expire_at": null, "expired": false, "locked": false, "first_published_at": "2018-05-15T07:43:58.606Z", "last_published_at": "2018-05-15T07:43:58.606Z", "latest_revision_created_at": "2018-05-15T07:43:57.785Z", "live_revision": 30}}, {"model": "wagtailcore.page", "pk": 25, "fields": {"path": "0001000100060002", "depth": 4, "numchild": 0, "title": "Harold French - Wagtail Realtors Corp.", "draft_title": "Harold French - Wagtail Realtors Corp.", "slug": "harold-french-wagtail-realtors-corp", "content_type": 42, "live": true, "has_unpublished_changes": false, "url_path": "/home/brokers/harold-french-wagtail-realtors-corp/", "owner": 3, "seo_title": "", "show_in_menus": false, "search_description": "", "go_live_at": null, "expire_at": null, "expired": false, "locked": false, "first_published_at": "2018-05-15T07:44:50.506Z", "last_published_at": "2018-05-15T07:44:50.506Z", "latest_revision_created_at": "2018-05-15T07:44:49.892Z", "live_revision": 31}}, {"model": "wagtailcore.page", "pk": 26, "fields": {"path": "0001000100060003", "depth": 4, "numchild": 0, "title": "Irene Peterson - Django House Corp.", "draft_title": "Irene Peterson - Django House Corp.", "slug": "irene-peterson-django-house-corp", "content_type": 42, "live": true, "has_unpublished_changes": false, "url_path": "/home/brokers/irene-peterson-django-house-corp/", "owner": 3, "seo_title": "", "show_in_menus": false, "search_description": "", "go_live_at": null, "expire_at": null, "expired": false, "locked": false, "first_published_at": "2018-05-15T07:50:15.569Z", "last_published_at": "2018-05-15T07:50:15.569Z", "latest_revision_created_at": "2018-05-15T07:50:14.945Z", "live_revision": 32}}, {"model": "wagtailcore.page", "pk": 27, "fields": {"path": "0001000100060004", "depth": 4, "numchild": 0, "title": "Elizabeth Cruz - Django House Corp.", "draft_title": "Elizabeth Cruz - Django House Corp.", "slug": "elizabeth-cruz-django-house-corp", "content_type": 42, "live": true, "has_unpublished_changes": false, "url_path": "/home/brokers/elizabeth-cruz-django-house-corp/", "owner": 3, "seo_title": "", "show_in_menus": false, "search_description": "", "go_live_at": null, "expire_at": null, "expired": false, "locked": false, "first_published_at": "2018-05-15T07:52:22.070Z", "last_published_at": "2018-05-15T07:52:22.070Z", "latest_revision_created_at": "2018-05-15T07:52:21.359Z", "live_revision": 33}}, {"model": "realestate.brokeragencyindex", "pk": 20, "fields": {}}, {"model": "realestate.broker", "pk": 24, "fields": {"name": "Kate Li", "location_city": "Camberwell", "location_state": "New South Wales", "location_country": "Australia", "picture": "uploads/broker/images/broker1_I13VCKA.jpg", "agency": 3}}, {"model": "realestate.broker", "pk": 25, "fields": {"name": "Harold French", "location_city": "Sydney", "location_state": "Victoria", "location_country": "Australia", "picture": "uploads/broker/images/broker2.jpg", "agency": 3}}, {"model": "realestate.broker", "pk": 26, "fields": {"name": "Irene Peterson", "location_city": "Camberwell", "location_state": "New South Wales", "location_country": "Australia", "picture": "uploads/broker/images/broker3.jpg", "agency": 4}}, {"model": "realestate.broker", "pk": 27, "fields": {"name": "Elizabeth Cruz", "location_city": "Mulgrave", "location_state": "Victoria", "location_country": "Australia", "picture": "uploads/broker/images/broker4.jpg", "agency": 4}}, {"model": "realestate.brokerindex", "pk": 23, "fields": {}}, {"model": "realestate.catalogindex", "pk": 5, "fields": {}}, {"model": "realestate.catalog", "pk": 6, "fields": {"name": "For Sale", "description": "Properties that are for sale."}}, {"model": "realestate.catalog", "pk": 7, "fields": {"name": "For Rent", "description": "This is a list of properties that are for rent."}}, {"model": "realestate.catalog", "pk": 10, "fields": {"name": "Luxury Lofts", "description": ""}}, {"model": "realestate.listingtypeindex", "pk": 4, "fields": {}}, {"model": "realestate.listing", "pk": 9, "fields": {"description": "<p>Blair\n Fields, Bentleigh offers bright, airy and serene living spaces. Well \nconsidered window placement of generous proportions enhance an internal \nplace of rest and rejuvenation. <br/><br/>Luxury touches include: <br/><br/>\u2022 Stainless steel Miele oven, cooktop, rangehood and integrated dishwasher. <br/>\u2022 Blum BLUMOTION soft-close technology.<br/>\u2022 Sleek dark Italian porcelain Storm Negro kitchen countertops and splashback<br/>\u2022 Bathrooms featuring Italian Calcatta Porcelain Slabs by Maxfine<br/>\u2022 Luxurious finishes extend to the laundry with solid stone benchtops.<br/><br/>A choice of two or three bedroom apartments with the highest quality finishes Bentleigh has to offer.<br/><br/>Visit the onsite display suite at 2-4 Blair Street, Bentleigh open Saturday &amp; Sunday 12pm - 3pm  </p>", "address_lotnumber": "4", "address_street": "Blair Street", "address_city": "Bentleigh", "address_state": "Victoria", "address_country": "Australia", "address_zip": 3204, "purchase_mode": 0, "property_type": 1, "price": "25713255.00", "num_baths": 3, "num_beds": 8, "lot_size": "500.000", "floor_area": "465.000", "listed_date": "2016-11-17", "fully_furnished": true, "build_year": 2015}}, {"model": "realestate.listing", "pk": 11, "fields": {"description": "<p>ENTERTAIN IN STYLE, WHILST ENJOY THE PRIVACY OF UPSTAIRS BEDROOMS.</p> <p>Entertain in style, whilst enjoying the privacy of bedrooms located upstairs.<br/><br/>Bijou Camberwell comprises 37 architecturally designed apartments by Fender Katsalidis.<br/><br/>The\n apartments are high-end owner-occupier grade in terms of space and \nspecification, and designed to meet the needs of local down-sizers.</p>", "address_lotnumber": "399", "address_street": "Burke Road", "address_city": "Camberwell", "address_state": "Victoria", "address_country": "Australia", "address_zip": 3124, "purchase_mode": 0, "property_type": 4, "price": "52019000.00", "num_baths": 2, "num_beds": 2, "lot_size": "100.700", "floor_area": "100.700", "listed_date": "2017-11-15", "fully_furnished": true, "build_year": 2014}}, {"model": "realestate.listing", "pk": 12, "fields": {"description": "The\n Woodlands, now selling off the plan. 14 uniquely designed town \nresidences situated in the leafy retreat between Mount Dandenong Road \nand Sunbeam Avenue of Ringwood East. <br/><br/>Stage I of the development \noffers 3 fully turnkey, high quality, double storey townhouses. Choose \nfrom 3 or 4 bedroom configurations, with 2 living areas, double garages,\n and house sizes range from 185 to 192 square metres. <br/><br/>Residents\n of The Woodlands will enjoy living in a prime Ringwood East location, \nsurrounded by an abundance of educational institutions, medical centres,\n sporting facilities, parkland and fantastic shopping. Entry to the \nEastlink is just 3km away, offering a 38 minute, direct route to the \ncentre of Melbourne. <br/><br/>Major shopping hub of Eastland is just 2kms\n away, offering hundreds of speciality stores &amp; eateries, as well as\n cinemas, libraries, fitness centres, children\u2019s play areas, restaurants\n etc.<br/><br/>For those raising a family, The Woodlands is surrounded by \nearly learning centres, through primary, secondary and tertiary \ninstitutes. There is also no shortage of recreational and sporting \nfacilities, with numerous football and cricket grounds, tennis courts, \nathletics grounds and aquatics centres. Ringwood is one of Melbourne\u2019s \ngreenest suburbs and is dotted with parkland, lakes, cycling and running\n paths, and children\u2019s play areas. <br/><br/><p>Register today to secure your new home in The Woodlands.</p>", "address_lotnumber": "97", "address_street": "Mount Dandenong Road", "address_city": "Camberwell", "address_state": "Victoria", "address_country": "Australia", "address_zip": 3501, "purchase_mode": 0, "property_type": 4, "price": "12500000.00", "num_baths": 1, "num_beds": 3, "lot_size": "97.000", "floor_area": "97.000", "listed_date": "2018-05-15", "fully_furnished": true, "build_year": 2014}}, {"model": "realestate.listing", "pk": 13, "fields": {"description": "<p>\"GRAND\" Open SATURDAY at 2:00pm - 2:45pm! A Premium Corner Position With Comfort and Luxury !</p> FIXED D8 SALE: 6/6/2018 (unless sold prior)<br/>This\n beautiful, well loved, warm and peaceful home offers both comfort and \nluxury. The premier location in a quiet court,  multiple living zones \nand separate kitchen with meals area makes this blissful home suitable \nfor both young and mature families. This freshly painted beauty, with \nbrand new quality carpets  accommodates four living areas, a homely \nsolid Tasmanian blackwood kitchen with lovely slate tiles, four bedrooms\n (Master Suite complete with WIR and Ensuite and 2 other bedroom with \nBIR) two superbly renovated bathrooms, remote control garage and \ndownlights, ducted heating and evaporative cooling throughout.<br/><br/>Whether\n you wish to unwind or entertain, stepping outside and finding yourself \nin the blissfully peaceful and generous decking alfresco with a built in\n barbecue and a private solar heated swimming pool, leading to a secret \ngarden will make your experience very enjoyable. The front garden is \nbeautifully manicured, bursting with colour making this family home \nextremely welcoming and pleasant even before you step inside.<br/><br/>All\n this within walking distance to Berwick Lodge Primary School, minutes \nfrom Wilson Botanic Park, Berwick High Street, train station, Westfield \nFountain Gate and Monash Freeway. An inspection is sure to impress!<br/><br/>\"GRAND\" Open SATURDAY at 2:00pm - 2:45pm<br/>Beverages, Snacks, Kids stuff and so much more!<br/><br/>PHOTO ID IS REQUIRED ON ALL INSPECTIONS<br/><br/>\u201cSelling? You\u2019ll be SOLD with our $8,800 Success Fee\u201c", "address_lotnumber": "45", "address_street": "Van der Haar Street", "address_city": "Camberwell", "address_state": "Victoria", "address_country": "Australia", "address_zip": 3602, "purchase_mode": 0, "property_type": 1, "price": "9500000.00", "num_baths": 2, "num_beds": 1, "lot_size": "102.000", "floor_area": "85.000", "listed_date": "2017-12-07", "fully_furnished": true, "build_year": 2011}}, {"model": "realestate.listing", "pk": 14, "fields": {"description": "<p>\"GRAND\" Open SATURDAY at 12:00pm - 12:45pm! Luxurious Living in Cascades on Clyde!</p> FIXED D8 SALE: 4/6/2018 (unless sold prior)<br/>Presented\n FOR SALE is this Stunning 30sq Home situated in the Prestigious \nCascades on Clyde within a short walk to Selendra &amp; Hunt Club shops,\n transport, schools and parks.<br/><br/>- Boasting 4 bedrooms with built \nin robes, grand master bedroom with walk in robe and hotel like ensuite \nwith double basins, study, multiple zone living: formal lounge, open \nplan family and meals, theatre room,  gorgeous kitchen with pendant \nlights and caesar stone benches.<br/>- Features refrigerated cooling, \nducted heating, 900mm stainless steel cooker with rangehood, dishwasher,\n sun shade and block blinds, modern light fittings, floating timber \nfloors, NBN internet, recycled water available.<br/>- Outside you will \nfind a remote control double garage, private covered outdoor area \noverlooking a relaxing water fall/fish tank and on an easy to maintain \n578m2 block.<br/><br/>This much loved home would suit all type of buyers so make sure its on TOP of your list! <br/> <br/>\"GRAND\" Open SATURDAY at 12:00pm - 12:45pm<br/>Beverages, Snacks, Kids stuff and so much more!<br/><br/>PHOTO ID IS REQUIRED ON ALL INSPECTIONS<br/><br/>\u201cSelling? You\u2019ll be SOLD with our $8,800 Success Fee\u201c", "address_lotnumber": "18", "address_street": "Flash Dan Drive", "address_city": "Cranbourne", "address_state": "Victoria", "address_country": "Australia", "address_zip": 3601, "purchase_mode": 0, "property_type": 1, "price": "15750000.00", "num_baths": 1, "num_beds": 3, "lot_size": "85.000", "floor_area": "75.000", "listed_date": "2017-10-26", "fully_furnished": false, "build_year": 2011}}, {"model": "realestate.listing", "pk": 15, "fields": {"description": "<p>Contemporary CBD Apartment in convenient location</p> <p>An\n exceptional offering in the heart of Sydney, this stylish apartment \npresent an outstanding opportunity as home or as an investment with \nstrong rental return. Positioned in the most convenient location for \nlifestyle excellence in tightly-held 'Inmark Tower' complex with public \ntransport on your doorstep, this complex is located stroll from \nChinatown, Darling Harbour and all CBD Shopping precinct.<br/><br/>- Spacious Bedrooms with mirrored built-ins and separate Study room<br/>- Stone benchtops with integrated Stainless Steel appliances<br/>- Stylish fully tiled bathroom with Frameless Shower<br/>- Separate internal laundry<br/>- Video Security intercom and Ducted a/c<br/>- Secure building with on site building manager and concierge<br/>- Roof top terrace for entertainment<br/><br/>Administration fee $1,232pq</p>", "address_lotnumber": "710", "address_street": "George St.", "address_city": "Sydney", "address_state": "New South Wales", "address_country": "Australia", "address_zip": 2000, "purchase_mode": 0, "property_type": 3, "price": "37600000.99", "num_baths": 1, "num_beds": 2, "lot_size": "105.000", "floor_area": "95.700", "listed_date": "2017-05-18", "fully_furnished": false, "build_year": 2011}}, {"model": "realestate.listing", "pk": 16, "fields": {"description": "This sophisticated 72m2 pet-friendly apartment is prestigiously located \nwithin the heart of Barangaroo, Sydney\u2019s flagship harbourside \ndestination. Privately positioned on the second floor within \u2018Anadara\u2019, a\n breathtaking waterfront apartment building, awarded \u2018Gold Winner of the\n 2016 Sydney Design\u2019 awards. Setting a new benchmark for urban design \nand sustainable living, this extraordinary building is the collaboration\n of <b>renowned architect Richard-Francis Jones and SJB Interiors.</b><br/><br/>Upon\n entry, with secure level lift access, your eye is immediately drawn to \nthe phenomenal and uninterrupted 180\u00ba harbour views. A plush modern \nkitchen and internal laundry is luxuriously appointed with Miele \nappliances and stone benchtops. Spacious and light filled interiors \nfeature floor to ceiling glass and stunning wide engineered timber \nfloors. Open plan living and dining leads onto a generous balcony \ncapturing sweeping views across Darling Harbour, Balmain and Goat \nIsland. Accommodation comprises Master bedroom with impressive mirrored \nwardrobes and opens onto the outdoor balcony directly overlooking \nDarling Harbour. A deluxe bathroom features glazed tiles and \nhigh-quality finishes. Additional attributes to this designer apartment \ninclude reverse-cycle air-conditioning, CCTV security and intercom plus \nstorage cage.<br/><br/>\u2018Anadara\u2019 has achieved an outstanding 5 Star Green \nStar rating offering the best in sustainability befitting its premium \nwaterfront location.\u00a0Features of this include; moveable louvres creating\n privacy and climate control, acoustic insulation, thermal double \nglazing, solar powered lighting, chilled water, recycled water treatment\n plant. <br/><br/><p>\u2018Anadara\u2019 offers an ultra-convenient, chic inner-city \nhome or superb investment opportunity. Uniquely located within 5 \nminutes\u2019 walk of the CBD within footsteps of every conceivable amenity \nincluding Barangaroo ferry wharfs, world class restaurants, cafes, bars,\n theatres, gyms, child day care, shops, and neighbouring Crown Casino, \nsoon to be NSW\u2019s first 6-star hotel. Within close proximity to Circular \nQuay, The Rocks and the iconic Sydney Harbour Bridge and Opera House.</p>", "address_lotnumber": "19", "address_street": "Barangaroo Avenue", "address_city": "Sydney", "address_state": "New South Wales", "address_country": "Australia", "address_zip": 2000, "purchase_mode": 0, "property_type": 1, "price": "49500000.00", "num_baths": 1, "num_beds": 1, "lot_size": "72.000", "floor_area": "72.000", "listed_date": "2017-04-14", "fully_furnished": true, "build_year": 2017}}, {"model": "realestate.listing", "pk": 17, "fields": {"description": "A rare opportunity to own a high floor North East corner apartment in \none of Sydney\u2019s most popular residences, Astoria Tower. Enjoying far \nreaching water views and intimate city views that take in the Sydney \nTower, QVB and Town Hall, this apartment is sure to impress. With a \ngenerous floorplan and an abundance of natural light, the property is \nvery well-presented and ready to occupy and enjoy the convenience of \nmid-city apartment living. With high tenant demand, strong capital \ngrowth prospects in an increasingly exciting city to live, the property \nalso provides a solid investment choice. The tightly held Astoria Tower \nis ideally positioned within an easy walk to Darling Harbour, Cockle Bay\n restaurants and bars, QVB, and Town Hall. An ideal city residence to \nenjoy the best Sydney has to offer. <br/><br/>High floor, 107sqm &amp; North East corner with water &amp; city views <br/>Two generous double bedrooms with balcony access, b/ins<br/>Two modern bathrooms, main bedroom with ensuite <br/>Large gas kitchen with granite bench tops, Smeg appliances<br/>Very rare for the Sydney CBD, secure lock-up garage on title<br/>Impressive gym, pool, spa, sauna, squash court, games room<br/>On-site concierge, with only four apartments per floor<br/>Large, practical floorplan, ducted air-conditioning throughout<br/><br/>Strata: $2,761.98 p/q <br/>Water: $177 p/q <br/><p>Council: $264 p/q</p>", "address_lotnumber": "222", "address_street": "Sussex Street", "address_city": "Sydney", "address_state": "New South Wales", "address_country": "Australia", "address_zip": 2000, "purchase_mode": 0, "property_type": 2, "price": "59379000.00", "num_baths": 2, "num_beds": 2, "lot_size": "107.000", "floor_area": "104.000", "listed_date": "2018-01-19", "fully_furnished": false, "build_year": 2014}}, {"model": "realestate.listing", "pk": 18, "fields": {"description": "<p>Luxury oversized studios</p> Castle Residences is an exclusive address on the doorstep to Sydney\u2019s Hyde Park. <br/>It\n will soon become the city\u2019s ultimate CBD address, fusing luxurious \ntower living with exceptional boutique hotel services. Like celebrated \napartment houses on London\u2019s Hyde Park or New York\u2019s Central Park, it \noffers an unsurpassed experience of city living. In a graceful pairing \nof past and present, historic Porter House will house a luxury M Gallery\n boutique hotel while an elegant new residential tower soars above. <br/><br/>Together,\n this unique fusion of luxurious living and exceptional hotel services \nwill create a lifestyle unmatched in a coveted Hyde Park setting; <br/><br/>- Experience exceptional world class hotel amenities with access to pool, gym, bars and business centre. <br/>- Hotel services will be accessible to residents via personalised IPad application <br/>- Apartments designed with free flowing living spaces and rich artesian detailing designed for enduring elegance and appeal <br/>-\n Relish in luxury apartments complete with interiors of the highest \nquality with timber and stone floors and Miele and Gaggenau appliances. <br/>-\n Enjoy a coveted Hyde Park setting, living so close to the flourishing \ngreen of Hyde park which brings a special quality to Sydney metropolitan\n life <br/>- Apartments designed to maximise beautiful city and park views<br/><br/>This\n statement tower has been many years in the making in a stunning \ncollaboration by award winning architects Candelapas Associates, \ninterior designer Studio Aria and developer Shanghai United.  Castle \nresidences\u2019 combines historical and contemporary form in an \nextraordinary way \u2013 all set against the backdrop of beautiful Hyde Park.<br/><br/>Now Selling<br/>Enquire now for this limited opportunity. <br/><br/>Display suite open 7 days 11am-4pm <br/>Level 21, 201 Elizabeth Street, Sydney<br/><br/>Visit castleresidences.com.au or call 1800 775 685 for more information", "address_lotnumber": "26", "address_street": "Castlereagh Street", "address_city": "Sydney", "address_state": "New South Wales", "address_country": "Australia", "address_zip": 2000, "purchase_mode": 0, "property_type": 3, "price": "75600000.00", "num_baths": 1, "num_beds": 2, "lot_size": "105.000", "floor_area": "105.000", "listed_date": "2016-05-24", "fully_furnished": true, "build_year": 2014}}, {"model": "realestate.listingindex", "pk": 8, "fields": {"description": ""}}, {"model": "home.homepage", "pk": 3, "fields": {"footer_title": "", "footer_subtitle": "", "home_tagline": "", "company_logo": "", "enable_footer": true}}]