[{"model": "realestate.listingtype", "pk": 1, "fields": {"p": 4, "name": "House and Lot"}}, {"model": "realestate.listingtype", "pk": 2, "fields": {"p": 4, "name": "Commercial"}}, {"model": "realestate.listingtype", "pk": 3, "fields": {"p": 4, "name": "Apartment"}}, {"model": "realestate.listingtype", "pk": 4, "fields": {"p": 4, "name": "Condominium"}}, {"model": "realestate.listingtype", "pk": 5, "fields": {"p": 4, "name": "Vacant Land"}}, {"model": "wagtailcore.site", "pk": 2, "fields": {"hostname": "localhost", "port": 80, "site_name": null, "root_page": 3, "is_default_site": true}}, {"model": "wagtailcore.collection", "pk": 1, "fields": {"path": "0001", "depth": 1, "numchild": 0, "name": "Root"}}, {"model": "contenttypes.contenttype", "pk": 1, "fields": {"app_label": "wagtailcore", "model": "page"}}, {"model": "contenttypes.contenttype", "pk": 2, "fields": {"app_label": "home", "model": "homepage"}}, {"model": "contenttypes.contenttype", "pk": 3, "fields": {"app_label": "wagtailadmin", "model": "admin"}}, {"model": "contenttypes.contenttype", "pk": 4, "fields": {"app_label": "wagtaildocs", "model": "document"}}, {"model": "contenttypes.contenttype", "pk": 5, "fields": {"app_label": "wagtailimages", "model": "image"}}, {"model": "contenttypes.contenttype", "pk": 6, "fields": {"app_label": "realestate", "model": "listingimage"}}, {"model": "contenttypes.contenttype", "pk": 7, "fields": {"app_label": "realestate", "model": "listingtype"}}, {"model": "contenttypes.contenttype", "pk": 8, "fields": {"app_label": "realestate", "model": "similarlistings"}}, {"model": "contenttypes.contenttype", "pk": 9, "fields": {"app_label": "realestate", "model": "catalogitem"}}, {"model": "contenttypes.contenttype", "pk": 10, "fields": {"app_label": "realestate", "model": "featureditem"}}, {"model": "contenttypes.contenttype", "pk": 11, "fields": {"app_label": "realestate", "model": "listingindex"}}, {"model": "contenttypes.contenttype", "pk": 12, "fields": {"app_label": "realestate", "model": "listingfeature"}}, {"model": "contenttypes.contenttype", "pk": 13, "fields": {"app_label": "realestate", "model": "catalogindex"}}, {"model": "contenttypes.contenttype", "pk": 14, "fields": {"app_label": "realestate", "model": "listingtypeindex"}}, {"model": "contenttypes.contenttype", "pk": 15, "fields": {"app_label": "realestate", "model": "listing"}}, {"model": "contenttypes.contenttype", "pk": 16, "fields": {"app_label": "realestate", "model": "catalog"}}, {"model": "contenttypes.contenttype", "pk": 17, "fields": {"app_label": "wagtailforms", "model": "formsubmission"}}, {"model": "contenttypes.contenttype", "pk": 18, "fields": {"app_label": "wagtailredirects", "model": "redirect"}}, {"model": "contenttypes.contenttype", "pk": 19, "fields": {"app_label": "wagtailembeds", "model": "embed"}}, {"model": "contenttypes.contenttype", "pk": 20, "fields": {"app_label": "wagtailusers", "model": "userprofile"}}, {"model": "contenttypes.contenttype", "pk": 21, "fields": {"app_label": "wagtailimages", "model": "rendition"}}, {"model": "contenttypes.contenttype", "pk": 22, "fields": {"app_label": "wagtailsearch", "model": "query"}}, {"model": "contenttypes.contenttype", "pk": 23, "fields": {"app_label": "wagtailsearch", "model": "querydailyhits"}}, {"model": "contenttypes.contenttype", "pk": 24, "fields": {"app_label": "wagtailcore", "model": "grouppagepermission"}}, {"model": "contenttypes.contenttype", "pk": 25, "fields": {"app_label": "wagtailcore", "model": "groupcollectionpermission"}}, {"model": "contenttypes.contenttype", "pk": 26, "fields": {"app_label": "wagtailcore", "model": "pageviewrestriction"}}, {"model": "contenttypes.contenttype", "pk": 27, "fields": {"app_label": "wagtailcore", "model": "collectionviewrestriction"}}, {"model": "contenttypes.contenttype", "pk": 28, "fields": {"app_label": "wagtailcore", "model": "site"}}, {"model": "contenttypes.contenttype", "pk": 29, "fields": {"app_label": "wagtailcore", "model": "collection"}}, {"model": "contenttypes.contenttype", "pk": 30, "fields": {"app_label": "wagtailcore", "model": "pagerevision"}}, {"model": "contenttypes.contenttype", "pk": 31, "fields": {"app_label": "taggit", "model": "taggeditem"}}, {"model": "contenttypes.contenttype", "pk": 32, "fields": {"app_label": "taggit", "model": "tag"}}, {"model": "contenttypes.contenttype", "pk": 33, "fields": {"app_label": "admin", "model": "logentry"}}, {"model": "contenttypes.contenttype", "pk": 34, "fields": {"app_label": "auth", "model": "group"}}, {"model": "contenttypes.contenttype", "pk": 35, "fields": {"app_label": "auth", "model": "permission"}}, {"model": "contenttypes.contenttype", "pk": 36, "fields": {"app_label": "auth", "model": "user"}}, {"model": "contenttypes.contenttype", "pk": 37, "fields": {"app_label": "contenttypes", "model": "contenttype"}}, {"model": "contenttypes.contenttype", "pk": 38, "fields": {"app_label": "sessions", "model": "session"}}, {"model": "sessions.session", "pk": "ificws3lgxgzzbne211hc8e4mjhi7809", "fields": {"session_data": "OTE3ODMwYTgwYTE4ZTU2NDY3ZjVjODZkZDcwNTUxMGU1ODhmNGMwZDp7Il9hdXRoX3VzZXJfaGFzaCI6IjJmNGU2OTQ1NDFhOGUzMTJhMzY3OTg1MDJhYWMxOWI4ZjZkM2FlOTciLCJfYXV0aF91c2VyX2JhY2tlbmQiOiJkamFuZ28uY29udHJpYi5hdXRoLmJhY2tlbmRzLk1vZGVsQmFja2VuZCIsIl9hdXRoX3VzZXJfaWQiOiIxIn0=", "expire_date": "2018-05-27T09:26:23.170Z"}}, {"model": "auth.permission", "pk": 1, "fields": {"name": "Can access Wagtail admin", "content_type": 3, "codename": "access_admin"}}, {"model": "auth.permission", "pk": 2, "fields": {"name": "Can add document", "content_type": 4, "codename": "add_document"}}, {"model": "auth.permission", "pk": 3, "fields": {"name": "Can change document", "content_type": 4, "codename": "change_document"}}, {"model": "auth.permission", "pk": 4, "fields": {"name": "Can delete document", "content_type": 4, "codename": "delete_document"}}, {"model": "auth.permission", "pk": 5, "fields": {"name": "Can add image", "content_type": 5, "codename": "add_image"}}, {"model": "auth.permission", "pk": 6, "fields": {"name": "Can change image", "content_type": 5, "codename": "change_image"}}, {"model": "auth.permission", "pk": 7, "fields": {"name": "Can delete image", "content_type": 5, "codename": "delete_image"}}, {"model": "auth.permission", "pk": 8, "fields": {"name": "Can add home page", "content_type": 2, "codename": "add_homepage"}}, {"model": "auth.permission", "pk": 9, "fields": {"name": "Can change home page", "content_type": 2, "codename": "change_homepage"}}, {"model": "auth.permission", "pk": 10, "fields": {"name": "Can delete home page", "content_type": 2, "codename": "delete_homepage"}}, {"model": "auth.permission", "pk": 11, "fields": {"name": "Can add listing image", "content_type": 6, "codename": "add_listingimage"}}, {"model": "auth.permission", "pk": 12, "fields": {"name": "Can change listing image", "content_type": 6, "codename": "change_listingimage"}}, {"model": "auth.permission", "pk": 13, "fields": {"name": "Can delete listing image", "content_type": 6, "codename": "delete_listingimage"}}, {"model": "auth.permission", "pk": 14, "fields": {"name": "Can add listing type", "content_type": 7, "codename": "add_listingtype"}}, {"model": "auth.permission", "pk": 15, "fields": {"name": "Can change listing type", "content_type": 7, "codename": "change_listingtype"}}, {"model": "auth.permission", "pk": 16, "fields": {"name": "Can delete listing type", "content_type": 7, "codename": "delete_listingtype"}}, {"model": "auth.permission", "pk": 17, "fields": {"name": "Can add similar listings", "content_type": 8, "codename": "add_similarlistings"}}, {"model": "auth.permission", "pk": 18, "fields": {"name": "Can change similar listings", "content_type": 8, "codename": "change_similarlistings"}}, {"model": "auth.permission", "pk": 19, "fields": {"name": "Can delete similar listings", "content_type": 8, "codename": "delete_similarlistings"}}, {"model": "auth.permission", "pk": 20, "fields": {"name": "Can add catalog item", "content_type": 9, "codename": "add_catalogitem"}}, {"model": "auth.permission", "pk": 21, "fields": {"name": "Can change catalog item", "content_type": 9, "codename": "change_catalogitem"}}, {"model": "auth.permission", "pk": 22, "fields": {"name": "Can delete catalog item", "content_type": 9, "codename": "delete_catalogitem"}}, {"model": "auth.permission", "pk": 23, "fields": {"name": "Can add featured item", "content_type": 10, "codename": "add_featureditem"}}, {"model": "auth.permission", "pk": 24, "fields": {"name": "Can change featured item", "content_type": 10, "codename": "change_featureditem"}}, {"model": "auth.permission", "pk": 25, "fields": {"name": "Can delete featured item", "content_type": 10, "codename": "delete_featureditem"}}, {"model": "auth.permission", "pk": 26, "fields": {"name": "Can add listing index", "content_type": 11, "codename": "add_listingindex"}}, {"model": "auth.permission", "pk": 27, "fields": {"name": "Can change listing index", "content_type": 11, "codename": "change_listingindex"}}, {"model": "auth.permission", "pk": 28, "fields": {"name": "Can delete listing index", "content_type": 11, "codename": "delete_listingindex"}}, {"model": "auth.permission", "pk": 29, "fields": {"name": "Can add listing feature", "content_type": 12, "codename": "add_listingfeature"}}, {"model": "auth.permission", "pk": 30, "fields": {"name": "Can change listing feature", "content_type": 12, "codename": "change_listingfeature"}}, {"model": "auth.permission", "pk": 31, "fields": {"name": "Can delete listing feature", "content_type": 12, "codename": "delete_listingfeature"}}, {"model": "auth.permission", "pk": 32, "fields": {"name": "Can add catalog index", "content_type": 13, "codename": "add_catalogindex"}}, {"model": "auth.permission", "pk": 33, "fields": {"name": "Can change catalog index", "content_type": 13, "codename": "change_catalogindex"}}, {"model": "auth.permission", "pk": 34, "fields": {"name": "Can delete catalog index", "content_type": 13, "codename": "delete_catalogindex"}}, {"model": "auth.permission", "pk": 35, "fields": {"name": "Can add listing type index", "content_type": 14, "codename": "add_listingtypeindex"}}, {"model": "auth.permission", "pk": 36, "fields": {"name": "Can change listing type index", "content_type": 14, "codename": "change_listingtypeindex"}}, {"model": "auth.permission", "pk": 37, "fields": {"name": "Can delete listing type index", "content_type": 14, "codename": "delete_listingtypeindex"}}, {"model": "auth.permission", "pk": 38, "fields": {"name": "Can add listing", "content_type": 15, "codename": "add_listing"}}, {"model": "auth.permission", "pk": 39, "fields": {"name": "Can change listing", "content_type": 15, "codename": "change_listing"}}, {"model": "auth.permission", "pk": 40, "fields": {"name": "Can delete listing", "content_type": 15, "codename": "delete_listing"}}, {"model": "auth.permission", "pk": 41, "fields": {"name": "Can add catalog", "content_type": 16, "codename": "add_catalog"}}, {"model": "auth.permission", "pk": 42, "fields": {"name": "Can change catalog", "content_type": 16, "codename": "change_catalog"}}, {"model": "auth.permission", "pk": 43, "fields": {"name": "Can delete catalog", "content_type": 16, "codename": "delete_catalog"}}, {"model": "auth.permission", "pk": 44, "fields": {"name": "Can add form submission", "content_type": 17, "codename": "add_formsubmission"}}, {"model": "auth.permission", "pk": 45, "fields": {"name": "Can change form submission", "content_type": 17, "codename": "change_formsubmission"}}, {"model": "auth.permission", "pk": 46, "fields": {"name": "Can delete form submission", "content_type": 17, "codename": "delete_formsubmission"}}, {"model": "auth.permission", "pk": 47, "fields": {"name": "Can add redirect", "content_type": 18, "codename": "add_redirect"}}, {"model": "auth.permission", "pk": 48, "fields": {"name": "Can change redirect", "content_type": 18, "codename": "change_redirect"}}, {"model": "auth.permission", "pk": 49, "fields": {"name": "Can delete redirect", "content_type": 18, "codename": "delete_redirect"}}, {"model": "auth.permission", "pk": 50, "fields": {"name": "Can add embed", "content_type": 19, "codename": "add_embed"}}, {"model": "auth.permission", "pk": 51, "fields": {"name": "Can change embed", "content_type": 19, "codename": "change_embed"}}, {"model": "auth.permission", "pk": 52, "fields": {"name": "Can delete embed", "content_type": 19, "codename": "delete_embed"}}, {"model": "auth.permission", "pk": 53, "fields": {"name": "Can add user profile", "content_type": 20, "codename": "add_userprofile"}}, {"model": "auth.permission", "pk": 54, "fields": {"name": "Can change user profile", "content_type": 20, "codename": "change_userprofile"}}, {"model": "auth.permission", "pk": 55, "fields": {"name": "Can delete user profile", "content_type": 20, "codename": "delete_userprofile"}}, {"model": "auth.permission", "pk": 56, "fields": {"name": "Can add rendition", "content_type": 21, "codename": "add_rendition"}}, {"model": "auth.permission", "pk": 57, "fields": {"name": "Can change rendition", "content_type": 21, "codename": "change_rendition"}}, {"model": "auth.permission", "pk": 58, "fields": {"name": "Can delete rendition", "content_type": 21, "codename": "delete_rendition"}}, {"model": "auth.permission", "pk": 59, "fields": {"name": "Can add query", "content_type": 22, "codename": "add_query"}}, {"model": "auth.permission", "pk": 60, "fields": {"name": "Can change query", "content_type": 22, "codename": "change_query"}}, {"model": "auth.permission", "pk": 61, "fields": {"name": "Can delete query", "content_type": 22, "codename": "delete_query"}}, {"model": "auth.permission", "pk": 62, "fields": {"name": "Can add Query Daily Hits", "content_type": 23, "codename": "add_querydailyhits"}}, {"model": "auth.permission", "pk": 63, "fields": {"name": "Can change Query Daily Hits", "content_type": 23, "codename": "change_querydailyhits"}}, {"model": "auth.permission", "pk": 64, "fields": {"name": "Can delete Query Daily Hits", "content_type": 23, "codename": "delete_querydailyhits"}}, {"model": "auth.permission", "pk": 65, "fields": {"name": "Can add group page permission", "content_type": 24, "codename": "add_grouppagepermission"}}, {"model": "auth.permission", "pk": 66, "fields": {"name": "Can change group page permission", "content_type": 24, "codename": "change_grouppagepermission"}}, {"model": "auth.permission", "pk": 67, "fields": {"name": "Can delete group page permission", "content_type": 24, "codename": "delete_grouppagepermission"}}, {"model": "auth.permission", "pk": 68, "fields": {"name": "Can add group collection permission", "content_type": 25, "codename": "add_groupcollectionpermission"}}, {"model": "auth.permission", "pk": 69, "fields": {"name": "Can change group collection permission", "content_type": 25, "codename": "change_groupcollectionpermission"}}, {"model": "auth.permission", "pk": 70, "fields": {"name": "Can delete group collection permission", "content_type": 25, "codename": "delete_groupcollectionpermission"}}, {"model": "auth.permission", "pk": 71, "fields": {"name": "Can add page view restriction", "content_type": 26, "codename": "add_pageviewrestriction"}}, {"model": "auth.permission", "pk": 72, "fields": {"name": "Can change page view restriction", "content_type": 26, "codename": "change_pageviewrestriction"}}, {"model": "auth.permission", "pk": 73, "fields": {"name": "Can delete page view restriction", "content_type": 26, "codename": "delete_pageviewrestriction"}}, {"model": "auth.permission", "pk": 74, "fields": {"name": "Can add collection view restriction", "content_type": 27, "codename": "add_collectionviewrestriction"}}, {"model": "auth.permission", "pk": 75, "fields": {"name": "Can change collection view restriction", "content_type": 27, "codename": "change_collectionviewrestriction"}}, {"model": "auth.permission", "pk": 76, "fields": {"name": "Can delete collection view restriction", "content_type": 27, "codename": "delete_collectionviewrestriction"}}, {"model": "auth.permission", "pk": 77, "fields": {"name": "Can add site", "content_type": 28, "codename": "add_site"}}, {"model": "auth.permission", "pk": 78, "fields": {"name": "Can change site", "content_type": 28, "codename": "change_site"}}, {"model": "auth.permission", "pk": 79, "fields": {"name": "Can delete site", "content_type": 28, "codename": "delete_site"}}, {"model": "auth.permission", "pk": 80, "fields": {"name": "Can add page", "content_type": 1, "codename": "add_page"}}, {"model": "auth.permission", "pk": 81, "fields": {"name": "Can change page", "content_type": 1, "codename": "change_page"}}, {"model": "auth.permission", "pk": 82, "fields": {"name": "Can delete page", "content_type": 1, "codename": "delete_page"}}, {"model": "auth.permission", "pk": 83, "fields": {"name": "Can add collection", "content_type": 29, "codename": "add_collection"}}, {"model": "auth.permission", "pk": 84, "fields": {"name": "Can change collection", "content_type": 29, "codename": "change_collection"}}, {"model": "auth.permission", "pk": 85, "fields": {"name": "Can delete collection", "content_type": 29, "codename": "delete_collection"}}, {"model": "auth.permission", "pk": 86, "fields": {"name": "Can add page revision", "content_type": 30, "codename": "add_pagerevision"}}, {"model": "auth.permission", "pk": 87, "fields": {"name": "Can change page revision", "content_type": 30, "codename": "change_pagerevision"}}, {"model": "auth.permission", "pk": 88, "fields": {"name": "Can delete page revision", "content_type": 30, "codename": "delete_pagerevision"}}, {"model": "auth.permission", "pk": 89, "fields": {"name": "Can add Tagged Item", "content_type": 31, "codename": "add_taggeditem"}}, {"model": "auth.permission", "pk": 90, "fields": {"name": "Can change Tagged Item", "content_type": 31, "codename": "change_taggeditem"}}, {"model": "auth.permission", "pk": 91, "fields": {"name": "Can delete Tagged Item", "content_type": 31, "codename": "delete_taggeditem"}}, {"model": "auth.permission", "pk": 92, "fields": {"name": "Can add Tag", "content_type": 32, "codename": "add_tag"}}, {"model": "auth.permission", "pk": 93, "fields": {"name": "Can change Tag", "content_type": 32, "codename": "change_tag"}}, {"model": "auth.permission", "pk": 94, "fields": {"name": "Can delete Tag", "content_type": 32, "codename": "delete_tag"}}, {"model": "auth.permission", "pk": 95, "fields": {"name": "Can add log entry", "content_type": 33, "codename": "add_logentry"}}, {"model": "auth.permission", "pk": 96, "fields": {"name": "Can change log entry", "content_type": 33, "codename": "change_logentry"}}, {"model": "auth.permission", "pk": 97, "fields": {"name": "Can delete log entry", "content_type": 33, "codename": "delete_logentry"}}, {"model": "auth.permission", "pk": 98, "fields": {"name": "Can add group", "content_type": 34, "codename": "add_group"}}, {"model": "auth.permission", "pk": 99, "fields": {"name": "Can change group", "content_type": 34, "codename": "change_group"}}, {"model": "auth.permission", "pk": 100, "fields": {"name": "Can delete group", "content_type": 34, "codename": "delete_group"}}, {"model": "auth.permission", "pk": 101, "fields": {"name": "Can add permission", "content_type": 35, "codename": "add_permission"}}, {"model": "auth.permission", "pk": 102, "fields": {"name": "Can change permission", "content_type": 35, "codename": "change_permission"}}, {"model": "auth.permission", "pk": 103, "fields": {"name": "Can delete permission", "content_type": 35, "codename": "delete_permission"}}, {"model": "auth.permission", "pk": 104, "fields": {"name": "Can add user", "content_type": 36, "codename": "add_user"}}, {"model": "auth.permission", "pk": 105, "fields": {"name": "Can change user", "content_type": 36, "codename": "change_user"}}, {"model": "auth.permission", "pk": 106, "fields": {"name": "Can delete user", "content_type": 36, "codename": "delete_user"}}, {"model": "auth.permission", "pk": 107, "fields": {"name": "Can add content type", "content_type": 37, "codename": "add_contenttype"}}, {"model": "auth.permission", "pk": 108, "fields": {"name": "Can change content type", "content_type": 37, "codename": "change_contenttype"}}, {"model": "auth.permission", "pk": 109, "fields": {"name": "Can delete content type", "content_type": 37, "codename": "delete_contenttype"}}, {"model": "auth.permission", "pk": 110, "fields": {"name": "Can add session", "content_type": 38, "codename": "add_session"}}, {"model": "auth.permission", "pk": 111, "fields": {"name": "Can change session", "content_type": 38, "codename": "change_session"}}, {"model": "auth.permission", "pk": 112, "fields": {"name": "Can delete session", "content_type": 38, "codename": "delete_session"}}, {"model": "auth.group", "pk": 1, "fields": {"name": "Moderators", "permissions": [1, 2, 3, 4, 5, 6, 7]}}, {"model": "auth.group", "pk": 2, "fields": {"name": "Editors", "permissions": [1, 2, 3, 4, 5, 6, 7]}}, {"model": "auth.user", "pk": 1, "fields": {"password": "pbkdf2_sha256$36000$uxENF6AoBEzq$fKT40D8O1vbr9hWAbR6FqtgtajiDsn0YDDumRFrLaec=", "last_login": "2018-05-13T09:26:23Z", "is_superuser": true, "username": "root", "first_name": "", "last_name": "", "email": "root@root.org", "is_staff": true, "is_active": true, "date_joined": "2018-05-13T09:25:37.639Z", "groups": [], "user_permissions": []}}, {"model": "wagtailcore.groupcollectionpermission", "pk": 1, "fields": {"group": 2, "collection": 1, "permission": 2}}, {"model": "wagtailcore.groupcollectionpermission", "pk": 2, "fields": {"group": 1, "collection": 1, "permission": 2}}, {"model": "wagtailcore.groupcollectionpermission", "pk": 3, "fields": {"group": 2, "collection": 1, "permission": 3}}, {"model": "wagtailcore.groupcollectionpermission", "pk": 4, "fields": {"group": 1, "collection": 1, "permission": 3}}, {"model": "wagtailcore.groupcollectionpermission", "pk": 5, "fields": {"group": 2, "collection": 1, "permission": 5}}, {"model": "wagtailcore.groupcollectionpermission", "pk": 6, "fields": {"group": 1, "collection": 1, "permission": 5}}, {"model": "wagtailcore.groupcollectionpermission", "pk": 7, "fields": {"group": 2, "collection": 1, "permission": 6}}, {"model": "wagtailcore.groupcollectionpermission", "pk": 8, "fields": {"group": 1, "collection": 1, "permission": 6}}, {"model": "wagtailcore.grouppagepermission", "pk": 1, "fields": {"group": 1, "page": 1, "permission_type": "add"}}, {"model": "wagtailcore.grouppagepermission", "pk": 2, "fields": {"group": 1, "page": 1, "permission_type": "edit"}}, {"model": "wagtailcore.grouppagepermission", "pk": 3, "fields": {"group": 1, "page": 1, "permission_type": "publish"}}, {"model": "wagtailcore.grouppagepermission", "pk": 4, "fields": {"group": 2, "page": 1, "permission_type": "add"}}, {"model": "wagtailcore.grouppagepermission", "pk": 5, "fields": {"group": 2, "page": 1, "permission_type": "edit"}}, {"model": "wagtailcore.grouppagepermission", "pk": 6, "fields": {"group": 1, "page": 1, "permission_type": "lock"}}, {"model": "wagtailcore.pagerevision", "pk": 1, "fields": {"page": 4, "submitted_for_moderation": false, "created_at": "2018-05-13T09:33:13.972Z", "user": 1, "content_json": "{\"search_description\": \"\", \"owner\": 1, \"latest_revision_created_at\": null, \"go_live_at\": null, \"title\": \"Listing Type Index\", \"seo_title\": \"\", \"draft_title\": \"Listing Type Index\", \"live\": true, \"last_published_at\": null, \"has_unpublished_changes\": false, \"listing_types\": [{\"pk\": 1, \"name\": \"House and Lot\", \"p\": 4}, {\"pk\": 2, \"name\": \"Commercial\", \"p\": 4}, {\"pk\": 3, \"name\": \"Apartment\", \"p\": 4}, {\"pk\": 4, \"name\": \"Condominium\", \"p\": 4}, {\"pk\": 5, \"name\": \"Vacant Land\", \"p\": 4}], \"numchild\": 0, \"content_type\": 14, \"show_in_menus\": false, \"path\": \"000100010001\", \"url_path\": \"/home/list-type-index/\", \"expired\": false, \"slug\": \"list-type-index\", \"locked\": false, \"pk\": 4, \"depth\": 3, \"first_published_at\": null, \"expire_at\": null, \"live_revision\": null}", "approved_go_live_at": null}}, {"model": "wagtailcore.pagerevision", "pk": 2, "fields": {"page": 5, "submitted_for_moderation": false, "created_at": "2018-05-13T09:33:48.206Z", "user": 1, "content_json": "{\"search_description\": \"\", \"owner\": 1, \"latest_revision_created_at\": null, \"go_live_at\": null, \"title\": \"Catalog Index\", \"seo_title\": \"\", \"draft_title\": \"Catalog Index\", \"live\": true, \"last_published_at\": null, \"has_unpublished_changes\": false, \"numchild\": 0, \"content_type\": 13, \"show_in_menus\": false, \"path\": \"000100010002\", \"url_path\": \"/home/catalog-index/\", \"expired\": false, \"slug\": \"catalog-index\", \"locked\": false, \"pk\": 5, \"depth\": 3, \"first_published_at\": null, \"expire_at\": null, \"live_revision\": null}", "approved_go_live_at": null}}, {"model": "wagtailcore.pagerevision", "pk": 3, "fields": {"page": 5, "submitted_for_moderation": false, "created_at": "2018-05-13T09:34:02.914Z", "user": 1, "content_json": "{\"search_description\": \"\", \"owner\": 1, \"latest_revision_created_at\": \"2018-05-13T09:33:48.206Z\", \"go_live_at\": null, \"title\": \"Catalog Index\", \"seo_title\": \"\", \"draft_title\": \"Catalog Index\", \"live\": true, \"last_published_at\": \"2018-05-13T09:33:49.019Z\", \"has_unpublished_changes\": false, \"numchild\": 0, \"content_type\": 13, \"show_in_menus\": false, \"path\": \"000100010002\", \"url_path\": \"/home/catalog-index/\", \"expired\": false, \"slug\": \"catalog\", \"locked\": false, \"pk\": 5, \"depth\": 3, \"first_published_at\": \"2018-05-13T09:33:49.019Z\", \"expire_at\": null, \"live_revision\": 2}", "approved_go_live_at": null}}, {"model": "wagtailcore.pagerevision", "pk": 4, "fields": {"page": 6, "submitted_for_moderation": false, "created_at": "2018-05-13T09:35:26.634Z", "user": 1, "content_json": "{\"search_description\": \"\", \"owner\": 1, \"featured\": [], \"latest_revision_created_at\": null, \"go_live_at\": null, \"title\": \"For Sale\", \"seo_title\": \"\", \"draft_title\": \"For Sale\", \"live\": true, \"last_published_at\": null, \"has_unpublished_changes\": false, \"description\": \"Properties that are for sale.\", \"numchild\": 0, \"content_type\": 16, \"show_in_menus\": false, \"path\": \"0001000100020001\", \"url_path\": \"/home/catalog/for-sale/\", \"expired\": false, \"slug\": \"for-sale\", \"locked\": false, \"name\": \"For Sale\", \"pk\": 6, \"items\": [], \"depth\": 4, \"first_published_at\": null, \"expire_at\": null, \"live_revision\": null}", "approved_go_live_at": null}}, {"model": "wagtailcore.pagerevision", "pk": 5, "fields": {"page": 7, "submitted_for_moderation": false, "created_at": "2018-05-13T09:35:59.934Z", "user": 1, "content_json": "{\"search_description\": \"\", \"owner\": 1, \"featured\": [], \"latest_revision_created_at\": null, \"go_live_at\": null, \"title\": \"For Rent\", \"seo_title\": \"\", \"draft_title\": \"For Rent\", \"live\": true, \"last_published_at\": null, \"has_unpublished_changes\": false, \"description\": \"This is a list of properties that are for rent.\", \"numchild\": 0, \"content_type\": 16, \"show_in_menus\": false, \"path\": \"0001000100020002\", \"url_path\": \"/home/catalog/for-rent/\", \"expired\": false, \"slug\": \"for-rent\", \"locked\": false, \"name\": \"For Rent\", \"pk\": 7, \"items\": [], \"depth\": 4, \"first_published_at\": null, \"expire_at\": null, \"live_revision\": null}", "approved_go_live_at": null}}, {"model": "wagtailcore.pagerevision", "pk": 6, "fields": {"page": 8, "submitted_for_moderation": false, "created_at": "2018-05-13T09:58:50.087Z", "user": 1, "content_json": "{\"search_description\": \"\", \"owner\": 1, \"latest_revision_created_at\": null, \"go_live_at\": null, \"title\": \"Listing Index\", \"seo_title\": \"\", \"draft_title\": \"Listing Index\", \"live\": true, \"last_published_at\": null, \"has_unpublished_changes\": false, \"description\": \"\", \"numchild\": 0, \"content_type\": 11, \"show_in_menus\": false, \"path\": \"000100010003\", \"url_path\": \"/home/properties/\", \"expired\": false, \"slug\": \"properties\", \"locked\": false, \"pk\": 8, \"depth\": 3, \"first_published_at\": null, \"expire_at\": null, \"live_revision\": null}", "approved_go_live_at": null}}, {"model": "wagtailcore.page", "pk": 1, "fields": {"path": "0001", "depth": 1, "numchild": 1, "title": "Root", "draft_title": "Root", "slug": "root", "content_type": 1, "live": true, "has_unpublished_changes": false, "url_path": "/", "owner": null, "seo_title": "", "show_in_menus": false, "search_description": "", "go_live_at": null, "expire_at": null, "expired": false, "locked": false, "first_published_at": null, "last_published_at": null, "latest_revision_created_at": null, "live_revision": null}}, {"model": "wagtailcore.page", "pk": 3, "fields": {"path": "00010001", "depth": 2, "numchild": 3, "title": "Home", "draft_title": "Home", "slug": "home", "content_type": 2, "live": true, "has_unpublished_changes": false, "url_path": "/home/", "owner": null, "seo_title": "", "show_in_menus": false, "search_description": "", "go_live_at": null, "expire_at": null, "expired": false, "locked": false, "first_published_at": null, "last_published_at": null, "latest_revision_created_at": null, "live_revision": null}}, {"model": "wagtailcore.page", "pk": 4, "fields": {"path": "000100010001", "depth": 3, "numchild": 0, "title": "Listing Type Index", "draft_title": "Listing Type Index", "slug": "list-type-index", "content_type": 14, "live": true, "has_unpublished_changes": false, "url_path": "/home/list-type-index/", "owner": 1, "seo_title": "", "show_in_menus": false, "search_description": "", "go_live_at": null, "expire_at": null, "expired": false, "locked": false, "first_published_at": "2018-05-13T09:33:15.462Z", "last_published_at": "2018-05-13T09:33:15.462Z", "latest_revision_created_at": "2018-05-13T09:33:13.972Z", "live_revision": 1}}, {"model": "wagtailcore.page", "pk": 5, "fields": {"path": "000100010002", "depth": 3, "numchild": 2, "title": "Catalog Index", "draft_title": "Catalog Index", "slug": "catalog", "content_type": 13, "live": true, "has_unpublished_changes": false, "url_path": "/home/catalog/", "owner": 1, "seo_title": "", "show_in_menus": false, "search_description": "", "go_live_at": null, "expire_at": null, "expired": false, "locked": false, "first_published_at": "2018-05-13T09:33:49.019Z", "last_published_at": "2018-05-13T09:34:03.436Z", "latest_revision_created_at": "2018-05-13T09:34:02.914Z", "live_revision": 3}}, {"model": "wagtailcore.page", "pk": 6, "fields": {"path": "0001000100020001", "depth": 4, "numchild": 0, "title": "For Sale", "draft_title": "For Sale", "slug": "for-sale", "content_type": 16, "live": true, "has_unpublished_changes": false, "url_path": "/home/catalog/for-sale/", "owner": 1, "seo_title": "", "show_in_menus": false, "search_description": "", "go_live_at": null, "expire_at": null, "expired": false, "locked": false, "first_published_at": "2018-05-13T09:35:27.447Z", "last_published_at": "2018-05-13T09:35:27.447Z", "latest_revision_created_at": "2018-05-13T09:35:26.634Z", "live_revision": 4}}, {"model": "wagtailcore.page", "pk": 7, "fields": {"path": "0001000100020002", "depth": 4, "numchild": 0, "title": "For Rent", "draft_title": "For Rent", "slug": "for-rent", "content_type": 16, "live": true, "has_unpublished_changes": false, "url_path": "/home/catalog/for-rent/", "owner": 1, "seo_title": "", "show_in_menus": false, "search_description": "", "go_live_at": null, "expire_at": null, "expired": false, "locked": false, "first_published_at": "2018-05-13T09:36:00.505Z", "last_published_at": "2018-05-13T09:36:00.505Z", "latest_revision_created_at": "2018-05-13T09:35:59.934Z", "live_revision": 5}}, {"model": "wagtailcore.page", "pk": 8, "fields": {"path": "000100010003", "depth": 3, "numchild": 0, "title": "Listing Index", "draft_title": "Listing Index", "slug": "properties", "content_type": 11, "live": true, "has_unpublished_changes": false, "url_path": "/home/properties/", "owner": 1, "seo_title": "", "show_in_menus": false, "search_description": "", "go_live_at": null, "expire_at": null, "expired": false, "locked": false, "first_published_at": "2018-05-13T09:58:50.907Z", "last_published_at": "2018-05-13T09:58:50.907Z", "latest_revision_created_at": "2018-05-13T09:58:50.087Z", "live_revision": 6}}, {"model": "realestate.catalogindex", "pk": 5, "fields": {}}, {"model": "realestate.catalog", "pk": 6, "fields": {"name": "For Sale", "description": "Properties that are for sale."}}, {"model": "realestate.catalog", "pk": 7, "fields": {"name": "For Rent", "description": "This is a list of properties that are for rent."}}, {"model": "realestate.listingtypeindex", "pk": 4, "fields": {}}, {"model": "realestate.listingindex", "pk": 8, "fields": {"description": ""}}, {"model": "home.homepage", "pk": 3, "fields": {}}]